Program Version:,EnergyPlus, Version 9.5.0-de239b2e5f, YMD=2022.08.24 16:12
Tabular Output Report in Format: ,Comma

Building:,Run_1
Environment:,ANNUAL ** Boise AP-Gowen Field ANGB ID USA TMY3 WMO#=726810

----------------------------------------------------------------------------------------------------
REPORT:,Annual Building Utility Performance Summary
FOR:,Entire Facility
Values gathered over      8760.00 hours

Site and Source Energy

,,Total Energy [kBtu],Energy Per Total Building Area [kBtu/ft2],Energy Per Conditioned Building Area [kBtu/ft2]
,Total Site Energy,64717.21,10.60,31.80
,Net Site Energy,64717.21,10.60,31.80
,Total Source Energy,204959.41,33.57,100.71
,Net Source Energy,204959.41,33.57,100.71


Site to Source Energy Conversion Factors

,,Site=>Source Conversion Factor
,Electricity,3.167
,Natural Gas,1.084
,District Cooling,1.056
,District Heating,3.613
,Steam,1.200
,Gasoline,1.050
,Diesel,1.050
,Coal,1.050
,Fuel Oil No 1,1.050
,Fuel Oil No 2,1.050
,Propane,1.050
,Other Fuel 1,1.000
,Other Fuel 2,1.000


Building Area

,,Area [ft2]
,Total Building Area,6105.55
,Net Conditioned Building Area,2035.18
,Unconditioned Building Area,4070.36


End Uses

,,Electricity [kBtu],Natural Gas [kBtu],Gasoline [kBtu],Diesel [kBtu],Coal [kBtu],Fuel Oil No 1 [kBtu],Fuel Oil No 2 [kBtu],Propane [kBtu],Other Fuel 1 [kBtu],Other Fuel 2 [kBtu],District Cooling [kBtu],District Heating [kBtu],Water [gal]
,Heating,57387.79,0.00,0.00,0.00,0.00,0.00,0.00,0.00,0.00,0.00,0.00,0.00,0.00
,Cooling,7329.42,0.00,0.00,0.00,0.00,0.00,0.00,0.00,0.00,0.00,0.00,0.00,0.00
,Interior Lighting,0.00,0.00,0.00,0.00,0.00,0.00,0.00,0.00,0.00,0.00,0.00,0.00,0.00
,Exterior Lighting,0.00,0.00,0.00,0.00,0.00,0.00,0.00,0.00,0.00,0.00,0.00,0.00,0.00
,Interior Equipment,0.00,0.00,0.00,0.00,0.00,0.00,0.00,0.00,0.00,0.00,0.00,0.00,0.00
,Exterior Equipment,0.00,0.00,0.00,0.00,0.00,0.00,0.00,0.00,0.00,0.00,0.00,0.00,0.00
,Fans,0.00,0.00,0.00,0.00,0.00,0.00,0.00,0.00,0.00,0.00,0.00,0.00,0.00
,Pumps,0.00,0.00,0.00,0.00,0.00,0.00,0.00,0.00,0.00,0.00,0.00,0.00,0.00
,Heat Rejection,0.00,0.00,0.00,0.00,0.00,0.00,0.00,0.00,0.00,0.00,0.00,0.00,0.00
,Humidification,0.00,0.00,0.00,0.00,0.00,0.00,0.00,0.00,0.00,0.00,0.00,0.00,0.00
,Heat Recovery,0.00,0.00,0.00,0.00,0.00,0.00,0.00,0.00,0.00,0.00,0.00,0.00,0.00
,Water Systems,0.00,0.00,0.00,0.00,0.00,0.00,0.00,0.00,0.00,0.00,0.00,0.00,0.00
,Refrigeration,0.00,0.00,0.00,0.00,0.00,0.00,0.00,0.00,0.00,0.00,0.00,0.00,0.00
,Generators,0.00,0.00,0.00,0.00,0.00,0.00,0.00,0.00,0.00,0.00,0.00,0.00,0.00
,,,,,,,,,,,,,,
,Total End Uses,64717.21,0.00,0.00,0.00,0.00,0.00,0.00,0.00,0.00,0.00,0.00,0.00,0.00
Note: Electricity appears to be the principal heating source based on energy usage.


End Uses By Subcategory

,,Subcategory,Electricity [kBtu],Natural Gas [kBtu],Gasoline [kBtu],Diesel [kBtu],Coal [kBtu],Fuel Oil No 1 [kBtu],Fuel Oil No 2 [kBtu],Propane [kBtu],Other Fuel 1 [kBtu],Other Fuel 2 [kBtu],District Cooling [kBtu],District Heating [kBtu],Water [gal]
,Heating,General,57387.79,0.00,0.00,0.00,0.00,0.00,0.00,0.00,0.00,0.00,0.00,0.00,0.00
,Cooling,General,7329.42,0.00,0.00,0.00,0.00,0.00,0.00,0.00,0.00,0.00,0.00,0.00,0.00
,Interior Lighting,General,0.00,0.00,0.00,0.00,0.00,0.00,0.00,0.00,0.00,0.00,0.00,0.00,0.00
,Exterior Lighting,Exterior-Lights,0.00,0.00,0.00,0.00,0.00,0.00,0.00,0.00,0.00,0.00,0.00,0.00,0.00
,,Garage-Lights,0.00,0.00,0.00,0.00,0.00,0.00,0.00,0.00,0.00,0.00,0.00,0.00,0.00
,Interior Equipment,electric_mels,0.00,0.00,0.00,0.00,0.00,0.00,0.00,0.00,0.00,0.00,0.00,0.00,0.00
,,gas_mels,0.00,0.00,0.00,0.00,0.00,0.00,0.00,0.00,0.00,0.00,0.00,0.00,0.00
,Exterior Equipment,General,0.00,0.00,0.00,0.00,0.00,0.00,0.00,0.00,0.00,0.00,0.00,0.00,0.00
,Fans,General,0.00,0.00,0.00,0.00,0.00,0.00,0.00,0.00,0.00,0.00,0.00,0.00,0.00
,Pumps,General,0.00,0.00,0.00,0.00,0.00,0.00,0.00,0.00,0.00,0.00,0.00,0.00,0.00
,Heat Rejection,General,0.00,0.00,0.00,0.00,0.00,0.00,0.00,0.00,0.00,0.00,0.00,0.00,0.00
,Humidification,General,0.00,0.00,0.00,0.00,0.00,0.00,0.00,0.00,0.00,0.00,0.00,0.00,0.00
,Heat Recovery,General,0.00,0.00,0.00,0.00,0.00,0.00,0.00,0.00,0.00,0.00,0.00,0.00,0.00
,Water Systems,General,0.00,0.00,0.00,0.00,0.00,0.00,0.00,0.00,0.00,0.00,0.00,0.00,0.00
,Refrigeration,General,0.00,0.00,0.00,0.00,0.00,0.00,0.00,0.00,0.00,0.00,0.00,0.00,0.00
,Generators,General,0.00,0.00,0.00,0.00,0.00,0.00,0.00,0.00,0.00,0.00,0.00,0.00,0.00


Normalized Metrics
Utility Use Per Conditioned Floor Area

,,Electricity Intensity [kBtu/ft2],Natural Gas Intensity [kBtu/ft2],Gasoline Intensity [kBtu/ft2],Diesel Intensity [kBtu/ft2],Coal Intensity [kBtu/ft2],Fuel Oil No 1 Intensity [kBtu/ft2],Fuel Oil No 2 Intensity [kBtu/ft2],Propane Intensity [kBtu/ft2],Other Fuel 1 Intensity [kBtu/ft2],Other Fuel 2 Intensity [kBtu/ft2],District Cooling Intensity [kBtu/ft2],District Heating Intensity [kBtu/ft2],Water Intensity [gal/ft2]
,Lighting,0.00,0.00,0.00,0.00,0.00,0.00,0.00,0.00,0.00,0.00,0.00,0.00,0.00
,HVAC,31.80,0.00,0.00,0.00,0.00,0.00,0.00,0.00,0.00,0.00,0.00,0.00,0.00
,Other,0.00,0.00,0.00,0.00,0.00,0.00,0.00,0.00,0.00,0.00,0.00,0.00,0.00
,Total,31.80,0.00,0.00,0.00,0.00,0.00,0.00,0.00,0.00,0.00,0.00,0.00,0.00


Utility Use Per Total Floor Area

,,Electricity Intensity [kBtu/ft2],Natural Gas Intensity [kBtu/ft2],Gasoline Intensity [kBtu/ft2],Diesel Intensity [kBtu/ft2],Coal Intensity [kBtu/ft2],Fuel Oil No 1 Intensity [kBtu/ft2],Fuel Oil No 2 Intensity [kBtu/ft2],Propane Intensity [kBtu/ft2],Other Fuel 1 Intensity [kBtu/ft2],Other Fuel 2 Intensity [kBtu/ft2],District Cooling Intensity [kBtu/ft2],District Heating Intensity [kBtu/ft2],Water Intensity [gal/ft2]
,Lighting,0.00,0.00,0.00,0.00,0.00,0.00,0.00,0.00,0.00,0.00,0.00,0.00,0.00
,HVAC,10.60,0.00,0.00,0.00,0.00,0.00,0.00,0.00,0.00,0.00,0.00,0.00,0.00
,Other,0.00,0.00,0.00,0.00,0.00,0.00,0.00,0.00,0.00,0.00,0.00,0.00,0.00
,Total,10.60,0.00,0.00,0.00,0.00,0.00,0.00,0.00,0.00,0.00,0.00,0.00,0.00


Electric Loads Satisfied

,,Electricity [kBtu],Percent Electricity [%]
,Fuel-Fired Power Generation,0.000,0.00
,High Temperature Geothermal*,0.000,0.00
,Photovoltaic Power,0.000,0.00
,Wind Power,0.000,0.00
,Power Conversion,0.000,0.00
,Net Decrease in On-Site Storage,0.000,0.00
,Total On-Site Electric Sources,0.000,0.00
,,,
,Electricity Coming From Utility,64717.211,100.00
,Surplus Electricity Going To Utility,0.000,0.00
,Net Electricity From Utility,64717.211,100.00
,,,
,Total On-Site and Utility Electric Sources,64717.211,100.00
,Total Electricity End Uses,64717.211,100.00


On-Site Thermal Sources

,,Heat [kBtu],Percent Heat [%]
,Water-Side Heat Recovery,0.00,
,Air to Air Heat Recovery for Cooling,0.00,
,Air to Air Heat Recovery for Heating,0.00,
,High-Temperature Geothermal*,0.00,
,Solar Water Thermal,0.00,
,Solar Air Thermal,0.00,
,Total On-Site Thermal Sources,0.00,


Water Source Summary

,,Water [gal],Percent Water [%]
,Rainwater Collection,0.00,-
,Condensate Collection,0.00,-
,Groundwater Well,0.00,-
,Total On Site Water Sources,0.00,-
,-,-,-
,Initial Storage,0.00,-
,Final Storage,0.00,-
,Change in Storage,0.00,-
,-,-,-
,Water Supplied by Utility,0.00,-
,-,-,-
,Total On Site, Change in Storage, and Utility Water Sources,0.00,-
,Total Water End Uses,0.00,-


Setpoint Not Met Criteria

,,Degrees [deltaF]
,Tolerance for Zone Heating Setpoint Not Met Time,0.36
,Tolerance for Zone Cooling Setpoint Not Met Time,0.36


Comfort and Setpoint Not Met Summary

,,Facility [Hours]
,Time Setpoint Not Met During Occupied Heating,0.00
,Time Setpoint Not Met During Occupied Cooling,0.00
,Time Not Comfortable Based on Simple ASHRAE 55-2004,0.00


Note 1: An asterisk (*) indicates that the feature is not yet implemented.
----------------------------------------------------------------------------------------------------
REPORT:,Input Verification and Results Summary
FOR:,Entire Facility
General

,,Value
,Program Version and Build,EnergyPlus, Version 9.5.0-de239b2e5f, YMD=2022.08.24 16:12
,RunPeriod,ANNUAL
,Weather File,Boise AP-Gowen Field ANGB ID USA TMY3 WMO#=726810
,Latitude [deg],43.56
,Longitude [deg],-116.2
,Elevation [ft],2299.98
,Time Zone,-7.0
,North Axis Angle [deg],266.00
,Rotation for Appendix G [deg],0.00
,Hours Simulated [hrs],8760.00


ENVELOPE
Window-Wall Ratio

,,Total,North (315 to 45 deg),East (45 to 135 deg),South (135 to 225 deg),West (225 to 315 deg)
,Gross Wall Area [ft2],2034.48,523.76,493.48,523.76,493.48
,Above Ground Wall Area [ft2],1745.05,456.45,416.07,456.45,416.07
,Window Opening Area [ft2],421.37,121.16,247.71,37.02,15.48
,Gross Window-Wall Ratio [%],20.71,23.13,50.20,7.07,3.14
,Above Ground Window-Wall Ratio [%],24.15,26.54,59.54,8.11,3.72


Conditioned Window-Wall Ratio

,,Total,North (315 to 45 deg),East (45 to 135 deg),South (135 to 225 deg),West (225 to 315 deg)
,Gross Wall Area [ft2],1447.21,336.56,387.04,336.56,387.04
,Above Ground Wall Area [ft2],1447.21,336.56,387.04,336.56,387.04
,Window Opening Area [ft2],421.37,121.16,247.71,37.02,15.48
,Gross Window-Wall Ratio [%],29.12,36.00,64.00,11.00,4.00
,Above Ground Window-Wall Ratio [%],29.12,36.00,64.00,11.00,4.00


Skylight-Roof Ratio

,,Total
,Gross Roof Area [ft2],2081.24
,Skylight Area [ft2],0.00
,Skylight-Roof Ratio [%],0.00


PERFORMANCE
Zone Summary

,,Area [ft2],Conditioned (Y/N),Part of Total Floor Area (Y/N),Volume [ft3],Multipliers,Above Ground Gross Wall Area [ft2],Underground Gross Wall Area [ft2],Window Glass Area [ft2],Opening Area [ft2],Lighting [Btu/h-ft2],People [ft2 per person],Plug and Process [Btu/h-ft2]
,LIVING,2035.18,Yes,Yes,16282.23,1.00,1447.21,0.00,421.37,421.37,0.0000,,0.0000
,ATTIC,2035.18,No,Yes,4579.16,1.00,189.31,0.00,0.00,0.00,0.0000,,0.0000
,CRAWLSPACE,2035.18,No,Yes,4477.40,1.00,108.54,289.43,0.00,0.00,0.0000,,0.0000
,Total,6105.55,,,25338.79,,1745.05,289.43,421.37,421.37,0.0000,,0.0000
,Conditioned Total,2035.18,,,16282.23,,1447.21,0.00,421.37,421.37,0.0000,,0.0000
,Unconditioned Total,4070.36,,,9056.56,,297.84,289.43,0.00,0.00,0.0000,,0.0000
,Not Part of Total,0.00,,,0.00,,0.00,0.00,0.00,0.00,,,


----------------------------------------------------------------------------------------------------
REPORT:,Demand End Use Components Summary
FOR:,Entire Facility
End Uses

,,Electricity [kBtuh],Natural Gas [kBtuh],Gasoline [kBtuh],Diesel [kBtuh],Coal [kBtuh],Fuel Oil No 1 [kBtuh],Fuel Oil No 2 [kBtuh],Propane [kBtuh],Other Fuel 1 [kBtuh],Other Fuel 2 [kBtuh],District Cooling [kBtuh],Steam [kBtuh],Water [gal/min]
,Time of Peak,01-JAN-10:00,-,-,-,-,-,-,-,-,-,-,-,-
,Heating,20.27,0.00,0.00,0.00,0.00,0.00,0.00,0.00,0.00,0.00,0.00,0.00,0.00
,Cooling,0.00,0.00,0.00,0.00,0.00,0.00,0.00,0.00,0.00,0.00,0.00,0.00,0.00
,Interior Lighting,0.00,0.00,0.00,0.00,0.00,0.00,0.00,0.00,0.00,0.00,0.00,0.00,0.00
,Exterior Lighting,0.00,0.00,0.00,0.00,0.00,0.00,0.00,0.00,0.00,0.00,0.00,0.00,0.00
,Interior Equipment,0.00,0.00,0.00,0.00,0.00,0.00,0.00,0.00,0.00,0.00,0.00,0.00,0.00
,Exterior Equipment,0.00,0.00,0.00,0.00,0.00,0.00,0.00,0.00,0.00,0.00,0.00,0.00,0.00
,Fans,0.00,0.00,0.00,0.00,0.00,0.00,0.00,0.00,0.00,0.00,0.00,0.00,0.00
,Pumps,0.00,0.00,0.00,0.00,0.00,0.00,0.00,0.00,0.00,0.00,0.00,0.00,0.00
,Heat Rejection,0.00,0.00,0.00,0.00,0.00,0.00,0.00,0.00,0.00,0.00,0.00,0.00,0.00
,Humidification,0.00,0.00,0.00,0.00,0.00,0.00,0.00,0.00,0.00,0.00,0.00,0.00,0.00
,Heat Recovery,0.00,0.00,0.00,0.00,0.00,0.00,0.00,0.00,0.00,0.00,0.00,0.00,0.00
,Water Systems,0.00,0.00,0.00,0.00,0.00,0.00,0.00,0.00,0.00,0.00,0.00,0.00,0.00
,Refrigeration,0.00,0.00,0.00,0.00,0.00,0.00,0.00,0.00,0.00,0.00,0.00,0.00,0.00
,Generators,0.00,0.00,0.00,0.00,0.00,0.00,0.00,0.00,0.00,0.00,0.00,0.00,0.00
,,,,,,,,,,,,,,
,Total End Uses,20.27,0.00,0.00,0.00,0.00,0.00,0.00,0.00,0.00,0.00,0.00,0.00,0.00


End Uses By Subcategory

,,Subcategory,Electricity [kBtuh],Natural Gas [kBtuh],Gasoline [kBtuh],Diesel [kBtuh],Coal [kBtuh],Fuel Oil No 1 [kBtuh],Fuel Oil No 2 [kBtuh],Propane [kBtuh],Other Fuel 1 [kBtuh],Other Fuel 2 [kBtuh],District Cooling [kBtuh],Steam [kBtuh],Water [gal/min]
,Heating,General,20.27,0.00,0.00,0.00,0.00,0.00,0.00,0.00,0.00,0.00,0.00,0.00,0.00
,Cooling,General,0.00,0.00,0.00,0.00,0.00,0.00,0.00,0.00,0.00,0.00,0.00,0.00,0.00
,Interior Lighting,General,0.00,0.00,0.00,0.00,0.00,0.00,0.00,0.00,0.00,0.00,0.00,0.00,0.00
,Exterior Lighting,Exterior-Lights,0.00,0.00,0.00,0.00,0.00,0.00,0.00,0.00,0.00,0.00,0.00,0.00,0.00
,,Garage-Lights,0.00,0.00,0.00,0.00,0.00,0.00,0.00,0.00,0.00,0.00,0.00,0.00,0.00
,Interior Equipment,electric_mels,0.00,0.00,0.00,0.00,0.00,0.00,0.00,0.00,0.00,0.00,0.00,0.00,0.00
,,gas_mels,0.00,0.00,0.00,0.00,0.00,0.00,0.00,0.00,0.00,0.00,0.00,0.00,0.00
,Exterior Equipment,General,0.00,0.00,0.00,0.00,0.00,0.00,0.00,0.00,0.00,0.00,0.00,0.00,0.00
,Fans,General,0.00,0.00,0.00,0.00,0.00,0.00,0.00,0.00,0.00,0.00,0.00,0.00,0.00
,Pumps,General,0.00,0.00,0.00,0.00,0.00,0.00,0.00,0.00,0.00,0.00,0.00,0.00,0.00
,Heat Rejection,General,0.00,0.00,0.00,0.00,0.00,0.00,0.00,0.00,0.00,0.00,0.00,0.00,0.00
,Humidification,General,0.00,0.00,0.00,0.00,0.00,0.00,0.00,0.00,0.00,0.00,0.00,0.00,0.00
,Heat Recovery,General,0.00,0.00,0.00,0.00,0.00,0.00,0.00,0.00,0.00,0.00,0.00,0.00,0.00
,Water Systems,General,0.00,0.00,0.00,0.00,0.00,0.00,0.00,0.00,0.00,0.00,0.00,0.00,0.00
,Refrigeration,General,0.00,0.00,0.00,0.00,0.00,0.00,0.00,0.00,0.00,0.00,0.00,0.00,0.00
,Generators,General,0.00,0.00,0.00,0.00,0.00,0.00,0.00,0.00,0.00,0.00,0.00,0.00,0.00


----------------------------------------------------------------------------------------------------
REPORT:,Source Energy End Use Components Summary
FOR:,Entire Facility
Values gathered over      8760.00 hours

Source Energy End Use Components Summary

,,Source Electricity [kBtu],Source Natural Gas [kBtu],Source Gasoline [kBtu],Source Diesel [kBtu],Source Coal [kBtu],Source Fuel Oil No 1 [kBtu],Source Fuel Oil No 2 [kBtu],Source Propane [kBtu],Source Other Fuel 1 [kBtu],Source Other Fuel 2 [kBtu],Source District Cooling [kBtu],Source District Heating [kBtu]
,Heating,181747.14,0.00,0.00,0.00,0.00,0.00,0.00,0.00,0.00,0.00,0.00,0.00
,Cooling,23212.27,0.00,0.00,0.00,0.00,0.00,0.00,0.00,0.00,0.00,0.00,0.00
,Interior Lighting,0.00,0.00,0.00,0.00,0.00,0.00,0.00,0.00,0.00,0.00,0.00,0.00
,Exterior Lighting,0.00,0.00,0.00,0.00,0.00,0.00,0.00,0.00,0.00,0.00,0.00,0.00
,Interior Equipment,0.00,0.00,0.00,0.00,0.00,0.00,0.00,0.00,0.00,0.00,0.00,0.00
,Exterior Equipment,0.00,0.00,0.00,0.00,0.00,0.00,0.00,0.00,0.00,0.00,0.00,0.00
,Fans,0.00,0.00,0.00,0.00,0.00,0.00,0.00,0.00,0.00,0.00,0.00,0.00
,Pumps,0.00,0.00,0.00,0.00,0.00,0.00,0.00,0.00,0.00,0.00,0.00,0.00
,Heat Rejection,0.00,0.00,0.00,0.00,0.00,0.00,0.00,0.00,0.00,0.00,0.00,0.00
,Humidification,0.00,0.00,0.00,0.00,0.00,0.00,0.00,0.00,0.00,0.00,0.00,0.00
,Heat Recovery,0.00,0.00,0.00,0.00,0.00,0.00,0.00,0.00,0.00,0.00,0.00,0.00
,Water Systems,0.00,0.00,0.00,0.00,0.00,0.00,0.00,0.00,0.00,0.00,0.00,0.00
,Refrigeration,0.00,0.00,0.00,0.00,0.00,0.00,0.00,0.00,0.00,0.00,0.00,0.00
,Generators,0.00,0.00,0.00,0.00,0.00,0.00,0.00,0.00,0.00,0.00,0.00,0.00
,,,,,,,,,,,,,
,Total Source Energy End Use Components,204959.41,0.00,0.00,0.00,0.00,0.00,0.00,0.00,0.00,0.00,0.00,0.00


Normalized Metrics
Source Energy End Use Components Per Conditioned Floor Area

,,Source Electricity [kBtu/ft2],Source Natural Gas [kBtu/ft2],Source Gasoline [kBtu/ft2],Source Diesel [kBtu/ft2],Source Coal [kBtu/ft2],Source Fuel Oil No 1 [kBtu/ft2],Source Fuel Oil No 2 [kBtu/ft2],Source Propane [kBtu/ft2],Source Other Fuel 1 [kBtu/ft2],Source Other Fuel 2 [kBtu/ft2],Source District Cooling [kBtu/ft2],Source District Heating [kBtu/ft2]
,Heating,89.30,0.00,0.00,0.00,0.00,0.00,0.00,0.00,0.00,0.00,0.00,0.00
,Cooling,11.41,0.00,0.00,0.00,0.00,0.00,0.00,0.00,0.00,0.00,0.00,0.00
,Interior Lighting,0.00,0.00,0.00,0.00,0.00,0.00,0.00,0.00,0.00,0.00,0.00,0.00
,Exterior Lighting,0.00,0.00,0.00,0.00,0.00,0.00,0.00,0.00,0.00,0.00,0.00,0.00
,Interior Equipment,0.00,0.00,0.00,0.00,0.00,0.00,0.00,0.00,0.00,0.00,0.00,0.00
,Exterior Equipment,0.00,0.00,0.00,0.00,0.00,0.00,0.00,0.00,0.00,0.00,0.00,0.00
,Fans,0.00,0.00,0.00,0.00,0.00,0.00,0.00,0.00,0.00,0.00,0.00,0.00
,Pumps,0.00,0.00,0.00,0.00,0.00,0.00,0.00,0.00,0.00,0.00,0.00,0.00
,Heat Rejection,0.00,0.00,0.00,0.00,0.00,0.00,0.00,0.00,0.00,0.00,0.00,0.00
,Humidification,0.00,0.00,0.00,0.00,0.00,0.00,0.00,0.00,0.00,0.00,0.00,0.00
,Heat Recovery,0.00,0.00,0.00,0.00,0.00,0.00,0.00,0.00,0.00,0.00,0.00,0.00
,Water Systems,0.00,0.00,0.00,0.00,0.00,0.00,0.00,0.00,0.00,0.00,0.00,0.00
,Refrigeration,0.00,0.00,0.00,0.00,0.00,0.00,0.00,0.00,0.00,0.00,0.00,0.00
,Generators,0.00,0.00,0.00,0.00,0.00,0.00,0.00,0.00,0.00,0.00,0.00,0.00
,,,,,,,,,,,,,
,Total Source Energy End Use Components,100.71,0.00,0.00,0.00,0.00,0.00,0.00,0.00,0.00,0.00,0.00,0.00


Source Energy End Use Components Per Total Floor Area

,,Source Electricity [kBtu/ft2],Source Natural Gas [kBtu/ft2],Source Gasoline [kBtu/ft2],Source Diesel [kBtu/ft2],Source Coal [kBtu/ft2],Source Fuel Oil No 1 [kBtu/ft2],Source Fuel Oil No 2 [kBtu/ft2],Source Propane [kBtu/ft2],Source Other Fuel 1 [kBtu/ft2],Source Other Fuel 2 [kBtu/ft2],Source District Cooling [kBtu/ft2],Source District Heating [kBtu/ft2]
,Heating,29.77,0.00,0.00,0.00,0.00,0.00,0.00,0.00,0.00,0.00,0.00,0.00
,Cooling,3.80,0.00,0.00,0.00,0.00,0.00,0.00,0.00,0.00,0.00,0.00,0.00
,Interior Lighting,0.00,0.00,0.00,0.00,0.00,0.00,0.00,0.00,0.00,0.00,0.00,0.00
,Exterior Lighting,0.00,0.00,0.00,0.00,0.00,0.00,0.00,0.00,0.00,0.00,0.00,0.00
,Interior Equipment,0.00,0.00,0.00,0.00,0.00,0.00,0.00,0.00,0.00,0.00,0.00,0.00
,Exterior Equipment,0.00,0.00,0.00,0.00,0.00,0.00,0.00,0.00,0.00,0.00,0.00,0.00
,Fans,0.00,0.00,0.00,0.00,0.00,0.00,0.00,0.00,0.00,0.00,0.00,0.00
,Pumps,0.00,0.00,0.00,0.00,0.00,0.00,0.00,0.00,0.00,0.00,0.00,0.00
,Heat Rejection,0.00,0.00,0.00,0.00,0.00,0.00,0.00,0.00,0.00,0.00,0.00,0.00
,Humidification,0.00,0.00,0.00,0.00,0.00,0.00,0.00,0.00,0.00,0.00,0.00,0.00
,Heat Recovery,0.00,0.00,0.00,0.00,0.00,0.00,0.00,0.00,0.00,0.00,0.00,0.00
,Water Systems,0.00,0.00,0.00,0.00,0.00,0.00,0.00,0.00,0.00,0.00,0.00,0.00
,Refrigeration,0.00,0.00,0.00,0.00,0.00,0.00,0.00,0.00,0.00,0.00,0.00,0.00
,Generators,0.00,0.00,0.00,0.00,0.00,0.00,0.00,0.00,0.00,0.00,0.00,0.00
,,,,,,,,,,,,,
,Total Source Energy End Use Components,33.57,0.00,0.00,0.00,0.00,0.00,0.00,0.00,0.00,0.00,0.00,0.00


----------------------------------------------------------------------------------------------------
REPORT:,Component Sizing Summary
FOR:,Entire Facility
ZONEHVAC:BASEBOARD:CONVECTIVE:ELECTRIC

,,Design Size Heating Design Capacity [Btu/h]
,BASEBOARDELECTRIC,20256.39
User-Specified values were used. Design Size values were used if no User-Specified values were provided.


ZoneHVAC:WindowAirConditioner

,,Design Size Maximum Supply Air Flow Rate [ft3/min],Maximum Outdoor Air Flow Rate [ft3/min]
,WINDOW AC,894.26,0.000000
User-Specified values were used. Design Size values were used if no User-Specified values were provided.


Fan:OnOff

,,Design Size Maximum Flow Rate [ft3/min]
,WINDOWAC FAN,894.26
User-Specified values were used. Design Size values were used if no User-Specified values were provided.


Coil:Cooling:DX:SingleSpeed

,,Design Size Rated Air Flow Rate [ft3/min],Design Size Gross Rated Total Cooling Capacity [ton],Design Size Gross Rated Sensible Heat Ratio
,WINDOWAC COIL,894.26,1.99,0.800655
User-Specified values were used. Design Size values were used if no User-Specified values were provided.


----------------------------------------------------------------------------------------------------
REPORT:,Surface Shadowing Summary
FOR:,Entire Facility
Surfaces (Walls, Roofs, etc) that may be Shadowed by Other Surfaces

,,None


Subsurfaces (Windows and Doors) that may be Shadowed by Surfaces

,,Possible Shadow Receivers
,WALL_FLOOR1_FRONT,WINDOW_FLOOR1_FRONT |
,WALL_FLOOR1_RIGHT,WINDOW_FLOOR1_RIGHT |
,WALL_FLOOR1_BACK,WINDOW_FLOOR1_BACK |
,WALL_FLOOR1_LEFT,WINDOW_FLOOR1_LEFT |


----------------------------------------------------------------------------------------------------
REPORT:,Adaptive Comfort Summary
FOR:,Entire Facility
Time Not Meeting the Adaptive Comfort Models during Occupied Hours

,,ASHRAE55 90% Acceptability Limits [Hours],ASHRAE55 80% Acceptability Limits  [Hours],CEN15251 Category I Acceptability Limits [Hours],CEN15251 Category II Acceptability Limits [Hours],CEN15251 Category III Acceptability Limits [Hours]


----------------------------------------------------------------------------------------------------
REPORT:,Initialization Summary
FOR:,Entire Facility
Version

,,Version ID
,1,9.5


Timesteps per Hour

,,#TimeSteps,Minutes per TimeStep {minutes}
,1,1,60


System Convergence Limits

,,Minimum System TimeStep {minutes},Max HVAC Iterations,Minimum Plant Iterations,Maximum Plant Iterations
,1,1,20,2,8


Simulation Control

,,Do Zone Sizing,Do System Sizing,Do Plant Sizing,Do Design Days,Do Weather Simulation,Do HVAC Sizing Simulation
,1,Yes,Yes,No,Yes,Yes,No


Performance Precision Tradeoffs

,,Use Coil Direct Simulation,Zone Radiant Exchange Algorithm,Override Mode,Number of Timestep In Hour,Force Euler Method,Minimum Number of Warmup Days,Force Suppress All Begin Environment Resets,Minimum System Timestep,MaxZoneTempDiff,MaxAllowedDelTemp
,1,No,ScriptF,Normal,1,No,1,No,1.0,0.300,2.0000E-003


Output Reporting Tolerances

,,Tolerance for Time Heating Setpoint Not Met,Tolerance for Zone Cooling Setpoint Not Met Time
,1,0.200,0.200


Site:GroundTemperature:BuildingSurface

,,Jan{F},Feb{F},Mar{F},Apr{F},May{F},Jun{F},Jul{F},Aug{F},Sep{F},Oct{F},Nov{F},Dec{F}
,1,64.40,64.40,64.40,64.40,64.40,64.40,64.40,64.40,64.40,64.40,64.40,64.40


Site:GroundTemperature:FCfactorMethod

,,Jan{F},Feb{F},Mar{F},Apr{F},May{F},Jun{F},Jul{F},Aug{F},Sep{F},Oct{F},Nov{F},Dec{F}
,1,32.70,30.79,34.18,39.47,53.31,64.00,71.20,73.40,69.66,61.36,50.27,39.99


Site:GroundTemperature:Shallow

,,Jan{F},Feb{F},Mar{F},Apr{F},May{F},Jun{F},Jul{F},Aug{F},Sep{F},Oct{F},Nov{F},Dec{F}
,1,55.40,55.40,55.40,55.40,55.40,55.40,55.40,55.40,55.40,55.40,55.40,55.40


Site:GroundTemperature:Deep

,,Jan{F},Feb{F},Mar{F},Apr{F},May{F},Jun{F},Jul{F},Aug{F},Sep{F},Oct{F},Nov{F},Dec{F}
,1,60.80,60.80,60.80,60.80,60.80,60.80,60.80,60.80,60.80,60.80,60.80,60.80


Site:GroundReflectance

,,Jan{dimensionless},Feb{dimensionless},Mar{dimensionless},Apr{dimensionless},May{dimensionless},Jun{dimensionless},Jul{dimensionless},Aug{dimensionless},Sep{dimensionless},Oct{dimensionless},Nov{dimensionless},Dec{dimensionless}
,1,0.20,0.20,0.20,0.20,0.20,0.20,0.20,0.20,0.20,0.20,0.20,0.20


Site:GroundReflectance:SnowModifier

,,Normal,Daylighting {dimensionless}
,1,1.000,1.000


Site:GroundReflectance:Snow

,,Jan{dimensionless},Feb{dimensionless},Mar{dimensionless},Apr{dimensionless},May{dimensionless},Jun{dimensionless},Jul{dimensionless},Aug{dimensionless},Sep{dimensionless},Oct{dimensionless},Nov{dimensionless},Dec{dimensionless}
,1,0.20,0.20,0.20,0.20,0.20,0.20,0.20,0.20,0.20,0.20,0.20,0.20


Site:GroundReflectance:Snow:Daylighting

,,Jan{dimensionless},Feb{dimensionless},Mar{dimensionless},Apr{dimensionless},May{dimensionless},Jun{dimensionless},Jul{dimensionless},Aug{dimensionless},Sep{dimensionless},Oct{dimensionless},Nov{dimensionless},Dec{dimensionless}
,1,0.20,0.20,0.20,0.20,0.20,0.20,0.20,0.20,0.20,0.20,0.20,0.20


Environment:Weather Station

,,Wind Sensor Height Above Ground {ft},Wind Speed Profile Exponent {},Wind Speed Profile Boundary Layer Thickness {ft},Air Temperature Sensor Height Above Ground {ft},Wind Speed Modifier Coefficient-Internal,Temperature Modifier Coefficient-Internal
,1,32.810,0.140,885.870,4.921,1.586,9.750E-003


Site:Location

,,Location Name,Latitude {N+/S- Deg},Longitude {E+/W- Deg},Time Zone Number {GMT+/-},Elevation {ft},Standard Pressure at Elevation {psi},Standard RhoAir at Elevation
,1,Boise AP-Gowen Field ANGB ID USA TMY3 WMO#=726810,43.56,-116.23,-7.00,2299.98,14.,1.1075


Site Water Mains Temperature Information

,,Calculation Method{},Water Mains Temperature Schedule Name{},Annual Average Outdoor Air Temperature{F},Maximum Difference In Monthly Average Outdoor Air Temperatures{deltaF},Fixed Default Water Mains Temperature{F}
,1,Correlation,NA,54.45,45.36,NA


Building Information

,,Building Name,North Axis {deg},Terrain,Loads Convergence Tolerance Value,Temperature Convergence Tolerance Value,Solar Distribution,Maximum Number of Warmup Days,Minimum Number of Warmup Days
,1,Run_1,266.000,Suburbs,0.50000,0.50000,MinimalShadowing,25,3


Inside Convection Algorithm

,,Algorithm {Simple
,,TARP
,,CeilingDiffuser
,,AdaptiveConvectionAlgorithm}
,1,TARP


Outside Convection Algorithm

,,Algorithm {SimpleCombined
,,TARP
,,MoWitt
,,DOE-2
,,AdaptiveConvectionAlgorithm}
,1,DOE-2


Sky Radiance Distribution

,,Value {Anisotropic}
,1,Anisotropic


Zone Air Solution Algorithm

,,Value {ThirdOrderBackwardDifference
,,AnalyticalSolution
,,EulerMethod}
,1,ThirdOrderBackwardDifference


Zone Air Carbon Dioxide Balance Simulation

,,Simulation {Yes/No},Carbon Dioxide Concentration
,1,No,N/A


Zone Air Generic Contaminant Balance Simulation

,,Simulation {Yes/No},Generic Contaminant Concentration
,1,No,N/A


Zone Air Mass Flow Balance Simulation

,,Enforce Mass Balance,Adjust Zone Mixing and Return {AdjustMixingOnly,Adjust Zone Infiltration {AddInfiltration,Infiltration Zones {MixingSourceZonesOnly
,,,AdjustReturnOnly,AdjustInfiltration,AllZones}
,,,AdjustMixingThenReturn,None},
,,,AdjustReturnThenMixing,,
,,,None},,
,1,No,N/A,N/A,N/A


HVACSystemRootFindingAlgorithm

,,Value {RegulaFalsi
,,Bisection
,,BisectionThenRegulaFalsi
,,RegulaFalsiThenBisection}
,1,RegulaFalsi


Environment:Site Atmospheric Variation

,,Wind Speed Profile Exponent {},Wind Speed Profile Boundary Layer Thickness {ft},Air Temperature Gradient Coefficient {F/ft}
,1,0.220,1213.970,0.003566


Material Details

,,Material Name,ThermalResistance {m2-K/w},Roughness,Thickness {ft},Conductivity {w/m-K},Density {lb/ft3},Specific Heat {Btu/lbm-R},Absorptance:Thermal,Absorptance:Solar,Absorptance:Visible
,1,FIBERGLASS_BATT_R0,1.9554E-005,Rough,0.0008,12.990,3.438,0.219,0.9000,0.7000,0.7000
,2,FIBERGLASS_BATT_R13,1.9128,Rough,0.2917,4.648E-002,3.438,0.219,0.9000,0.7000,0.7000
,3,FIBERGLASS_BATT_R19,2.8450,Rough,0.4584,4.910E-002,3.438,0.219,0.9000,0.7000,0.7000
,4,FIBERGLASS_BATT_R30,4.5576,Rough,0.7710,5.155E-002,3.438,0.219,0.9000,0.7000,0.7000
,5,FIBERGLASS_BATT_R38,5.7198,Rough,0.9377,4.996E-002,3.438,0.219,0.9000,0.7000,0.7000
,6,SHEATHING_CONSOL_LAYER,0.1351,Rough,0.0417,9.402E-002,42.764,0.280,0.9000,0.7000,0.7000
,7,BSMTWALL_CONSOL_LAYER,2.3423E-005,Rough,0.0008,10.844,7.541,0.248,0.9000,0.7000,0.7000
,8,CRAWLWALL_CONSOL_LAYER,2.3423E-005,Rough,0.0008,10.844,7.541,0.248,0.9000,0.7000,0.7000
,9,VERY HIGH REFLECTIVITY SURFACE,2.1097E-006,Smooth,0.0016,237.000,168.680,0.216,0.9000,5.0000E-002,5.0000E-002
,10,GYPSUMBOARD-5/16IN,5.0054E-002,Rough,0.0260,0.159,39.954,0.270,0.9000,0.4000,0.1000
,11,COPPERPIPE,4.7506E-005,MediumRough,0.0625,401.000,140.026,0.200,0.9000,0.6500,0.6500
,12,F08 METAL SURFACE,1.7668E-005,Smooth,0.0026,45.280,488.437,0.119,0.9000,0.7000,0.7000
,13,CONCRETE_4IN,7.7356E-002,Rough,0.3330,1.312,140.014,0.111,0.9000,0.7000,0.7000
,14,ASPHALT_SHINGLE,7.7448E-002,MediumRough,0.0208,8.186E-002,70.000,0.300,0.9000,0.7500,0.7000
,15,WOOD_SHINGLE,0.1115,MediumSmooth,0.0417,0.114,26.600,0.390,0.9000,0.7000,0.7000
,16,SLATE_SHINGLE,8.8061E-003,MediumSmooth,0.0417,1.442,100.000,0.300,0.9000,0.7000,0.7000
,17,CEMENT_STUCCO,2.6422E-002,MediumSmooth,0.0625,0.721,116.464,0.210,0.9000,0.7000,0.7000
,18,SYN_STUCCO,3.5237E-002,MediumSmooth,0.0100,8.650E-002,24.971,0.210,0.9000,0.7000,0.7000
,19,DRYWALL_1/2IN,7.9331E-002,MediumSmooth,0.0417,0.160,50.000,0.260,0.9000,0.7000,0.7000
,20,OSB_5/8IN,0.1365,MediumSmooth,0.0521,0.116,34.000,0.290,0.9000,0.7000,0.7000
,21,OSB_7/16IN,9.5550E-002,MediumSmooth,0.0365,0.116,34.000,0.290,0.9000,0.7000,0.7000
,22,BLOWN_R30,5.1614,MediumRough,0.6975,4.119E-002,0.600,0.200,0.9000,0.7000,0.7000
,23,BLOWN_R30_TOP,2.8489,MediumRough,0.3849,4.119E-002,0.600,0.200,0.9000,0.7000,0.7000
,24,PLYWOOD_3/4IN,0.1650,Rough,0.0625,0.115,34.003,0.161,0.9000,0.7000,0.7000
,25,BATT_R19,7.3089,MediumRough,0.0833,3.475E-003,0.600,0.200,0.9000,0.7000,0.7000
,26,LUMBER_2X4,0.7709,Rough,0.2920,0.115,32.003,0.183,0.9000,0.7000,0.7000
,27,CARPET_N_PAD,0.4224,MediumSmooth,0.0833,6.013E-002,2.000,0.200,0.9000,0.7000,0.7000
,28,BATT_R13,2.2936,MediumRough,0.2917,3.876E-002,0.600,0.200,0.9000,0.7000,0.7000
,29,OSB_1/2IN,0.1092,MediumSmooth,0.0417,0.116,34.000,0.290,0.9000,0.7000,0.7000
,30,SOIL_12IN,0.1761,Rough,1.0000,1.731,115.011,0.056,0.9000,0.7000,0.7000
,31,DOOR_CONST,0.5031,Smooth,0.1189,7.201E-002,32.003,0.183,0.9000,0.7000,0.7000
,32,GYP_BOARD_1/2IN,8.0130E-002,Rough,0.0417,0.159,39.954,0.270,0.9000,0.4000,0.1000
,33,STD WOOD 6INCH,1.2500,MediumSmooth,0.4921,0.120,33.711,0.289,0.9000,0.7000,0.7000
,34,PIPE INSULATION,0.3830,VeryRough,0.0417,3.317E-002,5.681,0.200,0.9000,0.5000,0.5000
,35,SLAB MATERIAL,8.4667E-002,MediumRough,0.5000,1.800,149.827,0.179,0.9000,0.6500,0.6500
,36,BASEMENT WALL MATERIAL,0.1665,MediumRough,0.9843,1.802,140.026,0.200,0.9000,0.6500,0.6500
,37,XPS_R5,0.8621,Rough,0.0820,2.900E-002,1.748,0.346,0.9000,0.7000,0.7000
,38,XPS_R10,1.7241,Rough,0.1641,2.900E-002,1.748,0.346,0.9000,0.7000,0.7000
,39,XPS_R15,2.6207,Rough,0.2494,2.900E-002,1.748,0.346,0.9000,0.7000,0.7000
,40,WALL_CONSOL_LAYER,2.4795,Smooth,0.4584,5.634E-002,7.074,0.369,0.9000,0.7000,0.7000
,41,CEIL_CONSOL_LAYER,4.6148,Rough,0.9344,6.172E-002,2.618,0.185,0.9000,0.7000,0.7000
,42,MANF_WALL_AIRGAP,0.1200,Smooth,0.0000,0.000,0.000,0.000,0.9000,0.7000,0.7000
,43,BLDG_PAPER_FELT,1.0567E-002,Smooth,0.0000,0.000,0.000,0.000,0.9000,0.7000,0.7000
,44,R_HIGH,177.0000,MediumRough,0.0000,0.000,0.000,0.000,0.9000,0.7000,0.7000
,45,CLEAR ACRYLIC PLASTIC,3.3333E-003,VerySmooth,0.0098,0.900,0.000,0.000,0.9000,0.0000,0.0000
,46,DIFFUSING ACRYLIC PLASTIC,2.4444E-003,VerySmooth,0.0072,0.900,0.000,0.000,0.9000,0.0000,0.0000
,47,GLASS,0.1685,VerySmooth,0.0550,9.951E-002,0.000,0.000,0.8400,0.0000,0.0000


Material:Air

,,Material Name,ThermalResistance {m2-K/w}
,1,AIR_4_IN_VERT,0.1585
,2,3/4IN_AIR_SPACE,8.5130E-002
,3,3/4IN_REFLECTIVE_AIR_SPACE,0.2466
,4,AIR_4_IN_VERT,0.1585


Surface Geometry

,,Starting Corner,Vertex Input Direction,Coordinate System,Daylight Reference Point Coordinate System,Rectangular (Simple) Surface Coordinate System
,1,LowerLeftCorner,Counterclockwise,RelativeCoordinateSystem,RelativeCoordinateSystem,RelativeToZoneOrigin


Zone Volume Capacitance Multiplier

,,Sensible Heat Capacity Multiplier,Moisture Capacity Multiplier,Carbon Dioxide Capacity Multiplier,Generic Contaminant Capacity Multiplier
,1,1.000,1.000,1.000,1.000


Surface Heat Transfer Algorithm

,,Value {CTF - ConductionTransferFunction,Inside Surface Max Temperature Limit{F},Surface Convection Coefficient Lower Limit {Btu/h-ft2-F},Surface Convection Coefficient Upper Limit {Btu/h-ft2-F}
,,EMPD - MoisturePenetrationDepthConductionTransferFunction,,,
,,CondFD - ConductionFiniteDifference,,,
,,HAMT - CombinedHeatAndMoistureFiniteElement} - Description,,,
,1,CTF - ConductionTransferFunction,392.,0.02,176.1
,2,KivaFoundation - TwoDimensionalFiniteDifference,392.,0.02,176.1


Shading Summary

,,Number of Fixed Detached Shades,Number of Building Detached Shades,Number of Attached Shades
,1,0,0,0


Zone Summary

,,Number of Zones,Number of Zone Surfaces,Number of SubSurfaces
,1,3,26,4


Zone Information

,,Zone Name,North Axis {deg},Origin X-Coordinate {ft},Origin Y-Coordinate {ft},Origin Z-Coordinate {ft},Centroid X-Coordinate {ft},Centroid Y-Coordinate {ft},Centroid Z-Coordinate {ft},Type,Zone Multiplier,Zone List Multiplier,Minimum X {ft},Maximum X {ft},Minimum Y {ft},Maximum Y {ft},Minimum Z {ft},Maximum Z {ft},Ceiling Height {ft},Volume {ft3},Zone Inside Convection Algorithm {Simple-Detailed-CeilingDiffuser-TrombeWall},Zone Outside Convection Algorithm {Simple-Detailed-Tarp-MoWitt-DOE-2-BLAST},Floor Area {ft2},Exterior Gross Wall Area {ft2},Exterior Net Wall Area {ft2},Exterior Window Area {ft2},Number of Surfaces,Number of SubSurfaces,Number of Shading SubSurfaces,Part of Total Building Area
,1,LIVING,0.0,0.00,0.00,0.00,-22.7,22.67,4.59,1,1,1,-45.3,0.00,-2.9,48.26,0.59,8.60,8.01,16282.09,TARP,DOE-2,2035.22,1447.24,1025.79,421.34,6,4,0,Yes
,2,ATTIC,0.0,0.00,0.00,0.00,-22.7,22.67,9.74,1,1,1,-45.3,0.00,-2.9,48.26,8.60,13.09,2.26,4579.22,TARP,DOE-2,2035.22,189.36,189.36,0.00,5,0,0,Yes
,3,CRAWLSPACE,0.0,0.00,0.00,0.00,-22.7,22.67,-0.5,1,1,1,-45.3,0.00,-2.9,48.26,-1.6,0.59,2.20,4477.50,TARP,DOE-2,2035.22,108.51,108.51,0.00,10,0,0,Yes


Zone Internal Gains Nominal

,,Zone Name,Floor Area {ft2},# Occupants,Area per Occupant {ft2/person},Occupant per Area {person/ft2},Interior Lighting {Btu/h-ft2},Electric Load {Btu/h-ft2},Gas Load {Btu/h-ft2},Other Load {Btu/h-ft2},Hot Water Eq {Btu/h-ft2},Steam Equipment {Btu/h-ft2},Sum Loads per Area {Btu/h-ft2},Outdoor Controlled Baseboard Heat
,1,LIVING,2035.22,0.0,N/A,0.000,0.000,0.000,0.000,0.000,0.000,0.000,0.000,No
,2,ATTIC,2035.22,0.0,N/A,0.000,0.000,0.000,0.000,0.000,0.000,0.000,0.000,No
,3,CRAWLSPACE,2035.22,0.0,N/A,0.000,0.000,0.000,0.000,0.000,0.000,0.000,0.000,No


People Internal Gains Nominal

,,Name,Schedule Name,Zone Name,Zone Floor Area {ft2},# Zone Occupants,Number of People {},People/Floor Area {person/ft2},Floor Area per person {ft2/person},Fraction Radiant,Fraction Convected,Sensible Fraction Calculation,Activity level,ASHRAE 55 Warnings,Carbon Dioxide Generation Rate,Nominal Minimum Number of People,Nominal Maximum Number of People
,1,PEOPLE_UNIT1,OCCUPANCY,LIVING,2035.22,0.0,0.0,0.000,N/A,0.000,1.000,AutoCalculate,ACTIVITY_SCH,No,3.8200E-008,0,0


Lights Internal Gains Nominal

,,Name,Schedule Name,Zone Name,Zone Floor Area {ft2},# Zone Occupants,Lighting Level {Btu/h},Lights/Floor Area {Btu/h-ft2},Lights per person {W/person},Fraction Return Air,Fraction Radiant,Fraction Short Wave,Fraction Convected,Fraction Replaceable,End-Use Category,Nominal Minimum Lighting Level {Btu/h},Nominal Maximum Lighting Level {Btu/h}
,1,LIVING HARDWIRED LIGHTING1,INTERIORLIGHTINGHE,LIVING,2035.22,0.0,0.000,0.000,N/A,0.000,0.600,0.200,0.200,0.000,General,0.000,0.000
,2,LIVING PLUG-IN LIGHTING1,INTERIORLIGHTINGHE,LIVING,2035.22,0.0,0.000,0.000,N/A,0.000,0.600,0.200,0.200,0.000,General,0.000,0.000


ElectricEquipment Internal Gains Nominal

,,Name,Schedule Name,Zone Name,Zone Floor Area {ft2},# Zone Occupants,Equipment Level {Btu/h},Equipment/Floor Area {Btu/h-ft2},Equipment per person {W/person},Fraction Latent,Fraction Radiant,Fraction Lost,Fraction Convected,End-Use SubCategory,Nominal Minimum Equipment Level {Btu/h},Nominal Maximum Equipment Level {Btu/h}
,1,ELECTRIC_MELS1,MISCPLUGLOAD,LIVING,2035.22,0.0,0.000,0.000,N/A,6.000E-002,0.690,0.250,0.000,electric_mels,0.000,0.000


GasEquipment Internal Gains Nominal

,,Name,Schedule Name,Zone Name,Zone Floor Area {ft2},# Zone Occupants,Equipment Level {Btu/h},Equipment/Floor Area {Btu/h-ft2},Equipment per person {W/person},Fraction Latent,Fraction Radiant,Fraction Lost,Fraction Convected,End-Use SubCategory,Nominal Minimum Equipment Level {Btu/h},Nominal Maximum Equipment Level {Btu/h}
,1,GAS_MELS1,MISCPLUGLOAD,LIVING,2035.22,0.0,0.000,0.000,N/A,6.000E-002,0.690,0.250,0.000,gas_mels,0.000,0.000


Construction CTF

,,Construction Name,Index,#Layers,#CTFs,Time Step {Hours},ThermalConductance {Btu/h-ft2-F},OuterThermalAbsorptance,InnerThermalAbsorptance,OuterSolarAbsorptance,InnerSolarAbsorptance,Roughness
,1,EXTERIOR FLOOR,2,3,5,1.000,0.0513,0.900,0.900,0.700,0.700,Rough
,2,CEILING CONSTRUCTION,4,2,6,1.000,0.0375,0.900,0.900,0.700,0.700,Rough
,3,ATTIC FLOOR,5,2,6,1.000,0.0375,0.900,0.900,0.700,0.700,MediumSmooth
,4,ROOF CONSTRUCTION,9,2,2,1.000,0.943,0.900,0.900,0.750,0.700,MediumRough
,5,GABLE CONSTRUCTION,13,5,4,1.000,0.428,0.900,0.900,0.700,0.700,MediumSmooth
,6,INTERIORFURNISHINGS,21,1,5,1.000,0.1409,0.900,0.900,0.700,0.700,MediumSmooth
,7,AG WALL CONSTRUCTION,23,5,7,1.000,0.0623,0.900,0.900,0.700,0.700,MediumSmooth
,8,FOUNDATION WALL CONSTRUCTION,24,1,5,1.000,1.058,0.900,0.900,0.650,0.650,MediumRough
,9,iz-EXTERIOR FLOOR,28,3,5,1.000,0.0513,0.900,0.900,0.700,0.700,MediumSmooth


Material CTF Summary

,,Material Name,Thickness {ft},Conductivity {w/m-K},Density {lb/ft3},Specific Heat {Btu/lbm-R},ThermalResistance {m2-K/w}
,1,FIBERGLASS_BATT_R19,0.4584,0.049,3.438,0.219,2.845
,2,PLYWOOD_3/4IN,0.0627,0.115,34.003,0.161,0.1650
,3,CARPET_N_PAD,0.0833,0.060,2.000,0.200,0.4224
,4,CEIL_CONSOL_LAYER,0.9344,0.062,2.618,0.185,4.615
,5,DRYWALL_1/2IN,0.0417,0.160,50.000,0.260,0.7933E-01
,6,DRYWALL_1/2IN,0.0417,0.160,50.000,0.260,0.7933E-01
,7,CEIL_CONSOL_LAYER,0.9344,0.062,2.618,0.185,4.615
,8,ASPHALT_SHINGLE,0.0207,0.082,70.000,0.300,0.7745E-01
,9,OSB_1/2IN,0.0417,0.116,34.000,0.290,0.1092
,10,CEMENT_STUCCO,0.0627,0.721,116.464,0.210,0.2642E-01
,11,BLDG_PAPER_FELT,0.0000,0.000,0.000,0.000,0.1057E-01
,12,OSB_5/8IN,0.0522,0.116,34.000,0.290,0.1365
,13,DRYWALL_1/2IN,0.0417,0.160,50.000,0.260,0.7933E-01
,14,STD WOOD 6INCH,0.4921,0.120,33.711,0.289,1.250
,15,SYN_STUCCO,0.0098,0.086,24.971,0.210,0.3524E-01
,16,SHEATHING_CONSOL_LAYER,0.0417,0.094,42.764,0.280,0.1351
,17,OSB_7/16IN,0.0364,0.116,34.000,0.290,0.9555E-01
,18,WALL_CONSOL_LAYER,0.4584,0.056,7.074,0.369,2.479
,19,DRYWALL_1/2IN,0.0417,0.160,50.000,0.260,0.7933E-01
,20,BASEMENT WALL MATERIAL,0.9843,1.802,140.026,0.200,0.1665
,21,CARPET_N_PAD,0.0833,0.060,2.000,0.200,0.4224
,22,PLYWOOD_3/4IN,0.0627,0.115,34.003,0.161,0.1650
,23,FIBERGLASS_BATT_R19,0.4584,0.049,3.438,0.219,2.845


Material:Air

,,Material Name,ThermalResistance {m2-K/w}
,1,AIR_4_IN_VERT,0.1585
,2,3/4IN_AIR_SPACE,8.5130E-002
,3,3/4IN_REFLECTIVE_AIR_SPACE,0.2466
,4,AIR_4_IN_VERT,0.1585


CTF

,,Time,Outside,Cross,Inside,Flux (except final one)
,1,5,-0.83045577E-11,0.31206169E-11,-0.16081520E-09,0.42521107E-16
,2,4,0.41663549E-05,0.81493048E-06,0.11953662E-04,-0.22221854E-08
,3,3,-0.74378369E-02,0.11257509E-02,-0.51157070E-02,0.16050753E-03
,4,2,0.23237862,0.38073541E-01,0.25945617,-0.54326332E-01
,5,1,-0.95861792,0.88238877E-01,-1.6192409,0.57351104
,6,0,0.87370787,0.12595919E-01,1.5049234,
,7,6,0.27051061E-14,0.10068247E-13,0.44400183E-11,-0.25437183E-15
,8,5,-0.16723329E-09,0.92931392E-09,-0.17646814E-06,0.43739639E-11
,9,4,0.18894399E-05,0.51169705E-05,0.64904465E-03,-0.83746367E-07
,10,3,-0.20137501E-02,0.15612985E-02,-0.12073088,0.23416690E-03
,11,2,0.12850570,0.32661412E-01,1.9362324,-0.39572051E-01
,12,1,-0.75026988,0.61659777E-01,-5.4902209,0.55426461
,13,0,0.72711110,0.74474511E-02,3.7774056,
,14,6,0.44400183E-11,0.10068247E-13,0.27051061E-14,-0.25437183E-15
,15,5,-0.17646814E-06,0.92931392E-09,-0.16723329E-09,0.43739639E-11
,16,4,0.64904465E-03,0.51169705E-05,0.18894399E-05,-0.83746367E-07
,17,3,-0.12073088,0.15612985E-02,-0.20137501E-02,0.23416690E-03
,18,2,1.9362324,0.32661412E-01,0.12850570,-0.39572051E-01
,19,1,-5.4902209,0.61659777E-01,-0.75026988,0.55426461
,20,0,3.7774056,0.74474511E-02,0.72711110,
,21,2,0.94467929E-05,0.31317728E-05,0.79225228E-05,-0.26727119E-22
,22,1,-1.8383943,0.81257668,-1.3462729,0.15535185E-04
,23,0,7.1959782,4.5450135,6.7038583,
,24,4,0.44987769E-14,0.98631654E-16,0.14264981E-14,0.0000000
,25,3,-0.13187245E-06,0.34886199E-07,-0.40679758E-07,0.32607943E-14
,26,2,0.41165881E-01,0.61555217E-02,0.16588552E-01,-0.45157314E-07
,27,1,-9.8165612,1.0256427,-2.7651724,0.81558044E-02
,28,0,12.186772,1.3795784,5.1599606,
,29,5,-0.83419649E-03,0.17148036E-05,-0.83419649E-03,0.10432035E-03
,30,4,0.51893316E-01,0.48417073E-03,0.51893316E-01,-0.69992825E-02
,31,3,-0.79575737,0.11043663E-01,-0.79575737,0.12203902
,32,2,3.8619522,0.39519684E-01,3.8619522,-0.70742610
,33,1,-6.6846261,0.23103239E-01,-6.6846261,1.4981178
,34,0,3.6427035,0.11789001E-02,3.6427035,
,35,7,-0.18298357E-09,0.68958915E-12,-0.44548421E-09,0.20709445E-13
,36,6,0.44765894E-06,0.69129453E-08,0.13750657E-05,-0.23782117E-09
,37,5,-0.22192972E-03,0.72051062E-05,-0.71751014E-03,0.56969571E-06
,38,4,0.21152151E-01,0.88835321E-03,0.57487678E-01,-0.26043797E-03
,39,3,-0.53748066,0.15827601E-01,-0.93968496,0.18588365E-01
,40,2,3.7793066,0.46137898E-01,4.7243840,-0.26075252
,41,1,-7.7633133,0.19371058E-01,-8.3067664,1.0089751
,42,0,4.5832035,0.41463591E-03,4.5479425,
,43,5,-0.49095118E-03,0.48232723E-05,-0.49095118E-03,0.62756306E-05
,44,4,0.81586887E-01,0.24974204E-02,0.81586887E-01,-0.11643900E-02
,45,3,-2.5133423,0.92995696E-01,-2.5133423,0.43400366E-01
,46,2,18.479040,0.47906631,18.479040,-0.41285028
,47,1,-40.748607,0.37059776,-40.748607,1.2092216
,48,0,25.671208,0.24232463E-01,25.671208,
,49,5,-0.16081520E-09,0.31206169E-11,-0.83045577E-11,0.42521107E-16
,50,4,0.11953662E-04,0.81493048E-06,0.41663549E-05,-0.22221854E-08
,51,3,-0.51157070E-02,0.11257509E-02,-0.74378369E-02,0.16050753E-03
,52,2,0.25945617,0.38073541E-01,0.23237862,-0.54326332E-01
,53,1,-1.6192409,0.88238877E-01,-0.95861792,0.57351104
,54,0,1.5049234,0.12595919E-01,0.87370787,


WindowConstruction

,,Construction Name,Index,#Layers,Roughness,Conductance {Btu/h-ft2-F},SHGC,Solar Transmittance at Normal Incidence,Visible Transmittance at Normal Incidence
,1,EXTERIOR WINDOW,1,1,VerySmooth,0.520,0.471,0.389,0.883
,2,INTERIOR WINDOW,10,1,VerySmooth,0.520,0.471,0.389,0.883
,3,TDD DOME,18,1,VerySmooth,1.071,0.929,0.920,0.920
,4,TDD DIFFUSER,19,1,VerySmooth,1.077,0.906,0.900,0.900


WindowMaterial:Glazing

,,Material Name,Optical Data Type,Spectral Data Set Name,Thickness {ft},Solar Transmittance,Front Solar Reflectance,Back Solar Reflectance,Visible Transmittance,Front Visible Reflectance,Back Visible Reflectance,Infrared Transmittance,Front Thermal Emissivity,Back Thermal Emissivity,Conductivity {W/m-K},Dirt Factor,Solar Diffusing
,1,GLASS,SpectralAverage,,0.05502,0.38705,0.39728,0.39728,0.88000,0.11900,0.11900,0.00000,0.84000,0.84000,9.95125E-002,1.00000,No
,2,GLASS,SpectralAverage,,0.05502,0.38705,0.39728,0.39728,0.88000,0.11900,0.11900,0.00000,0.84000,0.84000,9.95125E-002,1.00000,No
,3,CLEAR ACRYLIC PLASTIC,SpectralAverage,,0.00984,0.92000,5.00000E-002,5.00000E-002,0.92000,5.00000E-002,5.00000E-002,0.00000,0.90000,0.90000,0.90000,1.00000,No
,4,DIFFUSING ACRYLIC PLASTIC,SpectralAverage,,0.00722,0.90000,8.00000E-002,8.00000E-002,0.90000,8.00000E-002,8.00000E-002,0.00000,0.90000,0.90000,0.90000,1.00000,No


Shadowing/Sun Position Calculations Annual Simulations

,,Shading Calculation Method,Shading Calculation Update Frequency Method,Shading Calculation Update Frequency {days},Maximum Figures in Shadow Overlap Calculations {},Polygon Clipping Algorithm,Pixel Counting Resolution,Sky Diffuse Modeling Algorithm,Output External Shading Calculation Results,Disable Self-Shading Within Shading Zone Groups,Disable Self-Shading From Shading Zone Groups to Other Zones
,1,PolygonClipping,Periodic,20,15000.,SutherlandHodgman,512,SimpleSkyDiffuseModeling,No,No,No


RoomAir Model

,,Zone Name,Mixing/Mundt/UCSDDV/UCSDCV/UCSDUFI/UCSDUFE/User Defined
,1,LIVING,Mixing/Well-Stirred
,2,ATTIC,Mixing/Well-Stirred
,3,CRAWLSPACE,Mixing/Well-Stirred


AirflowNetwork Model:Control

,,No Multizone or Distribution/Multizone with Distribution/Multizone without Distribution/Multizone with Distribution only during Fan Operation
,1,MultizoneWithoutDistribution


AirflowNetwork Model:Equivalent Rectangle Surface

,,Name,Equivalent Height {ft},Equivalent Width {ft} AirflowNetwork Model:Equivalent Rectangle
,1,ROOF_RIGHT,4.49,21.03
,2,ROOF_LEFT,4.49,21.03


AirflowNetwork Model:Wind Direction

,,Wind Direction #1 to n (degree)
,1,0.0


AirflowNetwork Model:Wind Pressure Coefficients

,,Name,Wind Pressure Coefficients #1 to n (dimensionless)
,1,!WPCTABLE2,-0.36
,2,!WPCTABLE3,-0.51
,3,!WPCTABLE4,-0.36
,4,!WPCTABLE5,-0.73


Load Timesteps in Zone Design Calculation Averaging Window

,,Value
,1,1


Heating Sizing Factor Information

,,Sizing Factor ID,Value
,1,Global,1.0000


Cooling Sizing Factor Information

,,Sizing Factor ID,Value
,1,Global,1.0000


Zone Sizing Information

,,Zone Name,Load Type,Calc Des Load {Btu/h},User Des Load {Btu/h},Calc Des Air Flow Rate {ft3/min},User Des Air Flow Rate {ft3/min},Design Day Name,Date/Time of Peak,Temperature at Peak {F},Humidity Ratio at Peak {lbWater/lbDryAir},Floor Area {ft2},# Occupants,Calc Outdoor Air Flow Rate {ft3/min},Calc DOAS Heat Addition Rate {Btu/h}
,1,LIVING,Cooling,22048.84669,22048.84669,894.25836,894.25836,BOISE AP-GOWEN FIELD ANGB ANN CLG .4% CONDNS DB=>MWB,7/21 10:00:00,87.31400,0.00580,2035.18165,0.00000,0.00000,0.00000
,2,LIVING,Heating,20256.39422,20256.39422,378.17792,378.17792,BOISE AP-GOWEN FIELD ANGB ANN HTG 99.6% CONDNS DB,12/21 24:00:00,9.32000,0.00138,2035.18165,0.00000,0.00000,0.00000


Component Sizing Information

,,Component Type,Component Name,Input Field Description,Value
,1,ZONEHVAC:BASEBOARD:CONVECTIVE:ELECTRIC,BASEBOARDELECTRIC,Design Size Heating Design Capacity [Btu/h],20256.39422
,2,ZoneHVAC:WindowAirConditioner,WINDOW AC,Design Size Maximum Supply Air Flow Rate [ft3/min],894.25836
,3,ZoneHVAC:WindowAirConditioner,WINDOW AC,Maximum Outdoor Air Flow Rate [ft3/min],0.00000
,4,Fan:OnOff,WINDOWAC FAN,Design Size Maximum Flow Rate [ft3/min],894.25836
,5,Coil:Cooling:DX:SingleSpeed,WINDOWAC COIL,Design Size Rated Air Flow Rate [ft3/min],894.25836
,6,Coil:Cooling:DX:SingleSpeed,WINDOWAC COIL,Design Size Gross Rated Total Cooling Capacity [ton],1.98667
,7,Coil:Cooling:DX:SingleSpeed,WINDOWAC COIL,Design Size Gross Rated Sensible Heat Ratio,0.80066


DX Cooling Coil Standard Rating Information

,,Component Type,Component Name,Standard Rating (Net) Cooling Capacity {ton},Standard Rated Net COP {Btuh/Btuh},EER {Btu/W-h},SEER User {Btu/W-h},SEER Standard {Btu/W-h},IEER {Btu/W-h}
,1,Coil:Cooling:DX:SingleSpeed,WINDOWAC COIL,1.9,2.12,7.25,7.57,7.45,7.73


Environment

,,Environment Name,Environment Type,Start Date,End Date,Start DayOfWeek,Duration {#days},Source:Start DayOfWeek,Use Daylight Saving,Use Holidays,Apply Weekend Holiday Rule,Use Rain Values,Use Snow Values,Sky Temperature Model
,1,BOISE AP-GOWEN FIELD ANGB ANN HTG 99.6% CONDNS DB,SizingPeriod:DesignDay,12/21,12/21,WinterDesignDay,1,N/A,N/A,N/A,N/A,N/A,N/A,Clark and Allen
,2,BOISE AP-GOWEN FIELD ANGB ANN CLG .4% CONDNS DB=>MWB,SizingPeriod:DesignDay,07/21,07/21,SummerDesignDay,1,N/A,N/A,N/A,N/A,N/A,N/A,Clark and Allen
,3,ANNUAL,WeatherFileRunPeriod,01/01/2017,12/31/2017,Sunday,365,Use RunPeriod Specified Day,Yes,Yes,No,Yes,Yes,Clark and Allen


Environment:Daylight Saving

,,Daylight Saving Indicator,Source,Start Date,End Date
,1,No,SizingPeriod:DesignDay,,
,2,No,SizingPeriod:DesignDay,,
,3,No,,,


Environment:WarmupDays

,,NumberofWarmupDays
,1,4
,2,3
,3,3


Environment:Design Day Data

,,Max Dry-Bulb Temp {F},Temp Range {dC},Temp Range Ind Type,Hum Ind Type,Hum Ind Value at Max Temp,Hum Ind Units,Pressure {psi},Wind Direction {deg CW from N},Wind Speed {ft/min},Clearness,Rain,Snow
,1,9.32,0.00,DefaultMultipliers,Wetbulb,-12.60,{C},14.,120,433.1,0.00,No,No
,2,98.60,16.50,DefaultMultipliers,Wetbulb,17.60,{C},14.,330,807.1,0.00,No,No


Environment:Design Day Misc

,,DayOfYear,ASHRAE A Coeff,ASHRAE B Coeff,ASHRAE C Coeff,Solar Constant-Annual Variation,Eq of Time {minutes},Solar Declination Angle {deg},Solar Model
,1,355,1232.8,0.1424,5.7719E-002,1.0,2.45,-24..,ASHRAEClearSky
,2,202,1084.4,0.2082,0.1365,1.0,-6.23,20.6,ASHRAETau


Warmup Convergence Information

,,Zone Name,Environment Type/Name,Average Warmup Temperature Difference {deltaF},Std Dev Warmup Temperature Difference {deltaF},Max Temperature Pass/Fail Convergence,Min Temperature Pass/Fail Convergence,Average Warmup Load Difference {Btu/h},Std Dev Warmup Load Difference {Btu/h},Heating Load Pass/Fail Convergence,Cooling Load Pass/Fail Convergence
,1,LIVING,SizingPeriod: BOISE AP-GOWEN FIELD ANGB ANN HTG 99.6% CONDNS DB,0.078391144,0.028856375,Pass,Pass,0.000000000,0.000000000,Pass,Pass
,2,ATTIC,SizingPeriod: BOISE AP-GOWEN FIELD ANGB ANN HTG 99.6% CONDNS DB,0.007186109,0.003317231,Pass,Pass,0.000000000,0.000000000,Pass,Pass
,3,CRAWLSPACE,SizingPeriod: BOISE AP-GOWEN FIELD ANGB ANN HTG 99.6% CONDNS DB,0.642476632,0.918287953,Pass,Pass,0.000000000,0.000000000,Pass,Pass
,4,LIVING,SizingPeriod: BOISE AP-GOWEN FIELD ANGB ANN CLG .4% CONDNS DB=>MWB,0.457497127,0.714162945,Pass,Pass,0.673737466,1.117687254,Pass,Pass
,5,ATTIC,SizingPeriod: BOISE AP-GOWEN FIELD ANGB ANN CLG .4% CONDNS DB=>MWB,4.593278632,3.020377360,Pass,Pass,0.000000000,0.000000000,Pass,Pass
,6,CRAWLSPACE,SizingPeriod: BOISE AP-GOWEN FIELD ANGB ANN CLG .4% CONDNS DB=>MWB,1.397677451,0.780840604,Pass,Pass,0.000000000,0.000000000,Pass,Pass
,7,LIVING,RunPeriod: ANNUAL,0.577602192,1.219461299,Pass,Pass,0.674754832,0.976285924,Pass,Pass
,8,ATTIC,RunPeriod: ANNUAL,3.433410465,3.045382558,Pass,Pass,0.000000000,0.000000000,Pass,Pass
,9,CRAWLSPACE,RunPeriod: ANNUAL,3.904456416,3.470124972,Pass,Pass,0.000000000,0.000000000,Pass,Pass


----------------------------------------------------------------------------------------------------
REPORT:,Annual Heat Emissions Summary
FOR:,Entire Facility
Heat Emission by Components

,,Envelope Convection,Zone Exfiltration,Zone Exhaust Air,HVAC Relief Air,HVAC Reject Heat,Total
,Heat Emissions [kBtu],424210.90,82224.05,0.00,0.00,22881.21,529317.50


----------------------------------------------------------------------------------------------------
REPORT:,Climatic Data Summary
FOR:,Entire Facility
SizingPeriod:DesignDay

,,Maximum Dry Bulb [F],Daily Temperature Range [deltaF],Humidity Value,Humidity Type,Wind Speed [ft/min],Wind Direction
,BOISE AP-GOWEN FIELD ANGB ANN HTG 99.6% CONDNS DB,9.32,0.00,9.32,Wetbulb [F],433.09,120.00
,BOISE AP-GOWEN FIELD ANGB ANN CLG .4% CONDNS DB=>MWB,98.60,29.70,63.68,Wetbulb [F],807.13,330.00


Weather Statistics File

,,Value
,Reference,USA_ID_Boise.AP-Gowen.Field.ANGB.726810_TMY3
,Site:Location,Boise AP-Gowen Field ANGB ID USA
,Latitude,{N 43° 33.84'}
,Longitude,{W 116° 13.50'}
,Time Zone,{GMT -7.0 Hours}
,Elevation (ft) above sea level,2300.0
,Standard Pressure at Elevation,93182 Pa
,Data Source,TMY3
,WMO Station,726810
,Weather File Design Conditions,Climate Design Data 2017 ASHRAE Handbook
,Heating Design Temperature 99.6% (F),9.3Â°
,Heating Design Temperature 99% (F),15.8Â°
,Cooling Design Temperature 0.4% (F),98.6Â°
,Cooling Design Temperature 1% (F),95.7Â°
,Cooling Design Temperature 2% (F),92.8Â°
,ASHRAE Climate Zone,5B
,ASHRAE Description,Cool-Dry
,Maximum Dry Bulb Temperature (F),100.4Â°
,Maximum Dry Bulb Occurs on,Jul 21
,Minimum Dry Bulb Temperature (F),3.2Â°
,Minimum Dry Bulb Occurs on,Jan 13
,Maximum Dew Point Temperature (F),60.8Â°
,Maximum Dew Point Occurs on,Jun 27
,Minimum Dew Point Temperature (F),1.4Â°
,Minimum Dew Point Occurs on,Jan 13
,ASHRAE Handbook 2009  Cooling Degree-Days - base 50Â°(F),3211.2
,Weather File Cooling Degree-Days - base 50Â°(F),2905.2
,ASHRAE Handbook 2009 Heating Degree-Days - base 65Â°(F),5414.4
,Weather File Heating Degree-Days - base 65Â°(F),5306.4
,KÃ¶ppen Classification,BSk
,KÃ¶ppen Description,Mid-latitude dry semiarid (e.g. Great Plains of USA, lat. 15-60°N)
,KÃ¶ppen Recommendation,


----------------------------------------------------------------------------------------------------
REPORT:,Envelope Summary
FOR:,Entire Facility
Opaque Exterior

,,Construction,Reflectance,U-Factor with Film [Btu/h-ft2-F],U-Factor no Film [Btu/h-ft2-F],Gross Area [ft2],Net Area [ft2],Azimuth [deg],Tilt [deg],Cardinal Direction
,WALL_FLOOR1_FRONT,AG WALL CONSTRUCTION,0.30,0.059,0.062,387.04,139.34,86.00,90.00,E
,WALL_FLOOR1_RIGHT,AG WALL CONSTRUCTION,0.30,0.059,0.062,336.56,215.40,356.00,90.00,N
,WALL_FLOOR1_BACK,AG WALL CONSTRUCTION,0.30,0.059,0.062,387.04,371.56,266.00,90.00,W
,WALL_FLOOR1_LEFT,AG WALL CONSTRUCTION,0.30,0.059,0.062,336.56,299.54,176.00,90.00,S
,ROOF_RIGHT,GABLE CONSTRUCTION,0.30,0.314,0.428,94.65,94.65,356.00,90.00,N
,ROOF_LEFT,GABLE CONSTRUCTION,0.30,0.314,0.428,94.65,94.65,176.00,90.00,S
,ROOF_FRONT,ROOF CONSTRUCTION,0.25,0.543,0.943,1040.62,1040.62,86.00,12.08,
,ROOF_BACK,ROOF CONSTRUCTION,0.25,0.543,0.943,1040.62,1040.62,266.00,12.08,
,BGWALL_UPPER_FRONT,FOUNDATION WALL CONSTRUCTION,0.35,0.557,1.058,29.03,29.03,86.00,90.00,E
,BGWALL_LOWER_FRONT,FOUNDATION WALL CONSTRUCTION,0.35,0.479,1.058,77.41,77.41,86.00,90.00,E
,BGWALL_UPPER_RIGHT,FOUNDATION WALL CONSTRUCTION,0.35,0.557,1.058,25.24,25.24,356.00,90.00,N
,BGWALL_LOWER_RIGHT,FOUNDATION WALL CONSTRUCTION,0.35,0.479,1.058,67.31,67.31,356.00,90.00,N
,BGWALL_UPPER_BACK,FOUNDATION WALL CONSTRUCTION,0.35,0.557,1.058,29.03,29.03,266.00,90.00,W
,BGWALL_LOWER_BACK,FOUNDATION WALL CONSTRUCTION,0.35,0.479,1.058,77.41,77.41,266.00,90.00,W
,BGWALL_UPPER_LEFT,FOUNDATION WALL CONSTRUCTION,0.35,0.557,1.058,25.24,25.24,176.00,90.00,S
,BGWALL_LOWER_LEFT,FOUNDATION WALL CONSTRUCTION,0.35,0.479,1.058,67.31,67.31,176.00,90.00,S
,FLOOR_FOUNDATION,SLAB CONSTRUCTION,0.35,0.537,2.080,2035.18,2035.18,356.00,180.00,


Opaque Interior

,,Construction,Reflectance,U-Factor with Film [Btu/h-ft2-F],U-Factor no Film [Btu/h-ft2-F],Gross Area [ft2],Net Area [ft2],Azimuth [deg],Tilt [deg],Cardinal Direction
,FLOOR_MAIN,EXTERIOR FLOOR,0.30,0.048,0.051,2035.18,2035.18,356.00,180.00,
,CEILING,CEILING CONSTRUCTION,0.30,0.035,0.038,2035.18,2035.18,86.00,0.00,
,iz-CEILING,ATTIC FLOOR,0.30,0.035,0.038,2035.18,2035.18,266.00,180.00,
,iz-FLOOR_MAIN,iz-EXTERIOR FLOOR,0.30,0.048,0.051,2035.18,2035.18,176.00,0.00,


Exterior Fenestration

,,Construction,Glass Area [ft2],Frame Area [ft2],Divider Area [ft2],Area of One Opening [ft2],Area of Multiplied Openings [ft2],Glass U-Factor [Btu/h-ft2-F],Glass SHGC,Glass Visible Transmittance,Frame Conductance [Btu/h-ft2-F],Divider Conductance [Btu/h-ft2-F],Shade Control,Parent Surface,Azimuth [deg],Tilt [deg],Cardinal Direction
,WINDOW_FLOOR1_FRONT,EXTERIOR WINDOW,247.71,0.00,0.00,247.71,247.71,0.520,0.471,0.883,,,No,WALL_FLOOR1_FRONT,86.00,90.00,E
,WINDOW_FLOOR1_RIGHT,EXTERIOR WINDOW,121.16,0.00,0.00,121.16,121.16,0.520,0.471,0.883,,,No,WALL_FLOOR1_RIGHT,356.00,90.00,N
,WINDOW_FLOOR1_BACK,EXTERIOR WINDOW,15.48,0.00,0.00,15.48,15.48,0.520,0.471,0.883,,,No,WALL_FLOOR1_BACK,266.00,90.00,W
,WINDOW_FLOOR1_LEFT,EXTERIOR WINDOW,37.02,0.00,0.00,37.02,37.02,0.520,0.471,0.883,,,No,WALL_FLOOR1_LEFT,176.00,90.00,S
,Total or Average,,,,,,421.37,0.520,0.471,0.883,,,,,,,
,North Total or Average,,,,,,121.16,0.520,0.471,0.883,,,,,,,
,Non-North Total or Average,,,,,,300.21,0.520,0.471,0.883,,,,,,,


Interior Fenestration

,,Construction,Area of One Opening [ft2],Area of Openings [ft2],Glass U-Factor [Btu/h-ft2-F],Glass SHGC,Glass Visible Transmittance,Parent Surface
,Total or Average,,,0.00,-,-,-,


Exterior Door

,,Construction,U-Factor with Film [Btu/h-ft2-F],U-Factor no Film [Btu/h-ft2-F],Gross Area [ft2],Parent Surface
,None,,,,,


Interior Door

,,Construction,U-Factor with Film [Btu/h-ft2-F],U-Factor no Film [Btu/h-ft2-F],Gross Area [ft2],Parent Surface
,None,,,,,


----------------------------------------------------------------------------------------------------
REPORT:,Shading Summary
FOR:,Entire Facility
Sunlit Fraction

,,March 21 9am,March 21 noon,March 21 3pm,June 21 9am,June 21 noon,June 21 3pm,December 21 9am,December 21 noon,December 21 3pm
,None,,,,,,,,,


Window Control

,,Name,Type,Shaded Construction,Control,Glare Control
,None,,,,,


----------------------------------------------------------------------------------------------------
REPORT:,Lighting Summary
FOR:,Entire Facility
Interior Lighting

,,Zone,Lighting Power Density [Btu/h-ft2],Zone Area [ft2],Total Power [Btu/h],End Use Subcategory,Schedule Name,Scheduled Hours/Week [hr],Hours/Week > 1% [hr],Full Load Hours/Week [hr],Return Air Fraction,Conditioned (Y/N),Consumption [kWh]
,LIVING HARDWIRED LIGHTING1,LIVING,0.0000,2035.18,0.00,General,INTERIORLIGHTINGHE,58.88,0.00,,0.0000,Y,0.00
,LIVING PLUG-IN LIGHTING1,LIVING,0.0000,2035.18,0.00,General,INTERIORLIGHTINGHE,58.88,0.00,,0.0000,Y,0.00
,Interior Lighting Total,,0.0000,4070.36,0.00,,,,,,,,0.00


Daylighting

,,Zone,Control Name,Daylighting Method,Control Type,Fraction Controlled,Lighting Installed in Zone [Btu/h],Lighting Controlled [Btu/h]
,None,,,,,,,


Exterior Lighting

,,Total Watts,Astronomical Clock/Schedule,Schedule Name,Scheduled Hours/Week [hr],Hours/Week > 1% [hr],Full Load Hours/Week [hr],Consumption [kWh]
,EXTERIOR-LIGHTS_UNIT1,0.00,Schedule,EXTERIORLIGHTING,84.00,0.00,,0.00
,GARAGE-LIGHTS_UNIT1,0.00,Schedule,INTERIORLIGHTINGHE,58.88,0.00,,0.00
,Exterior Lighting Total,0.00,,,,,,0.00


----------------------------------------------------------------------------------------------------
REPORT:,Equipment Summary
FOR:,Entire Facility
Central Plant

,,Type,Nominal Capacity [Btu/h],Nominal Efficiency [Btuh/Btuh],IPLV in SI Units [W/W],IPLV in IP Units [Btu/W-h]
,None,,,,,


Cooling Coils

,,Type,Design Coil Load [Btu/h],Nominal Total Capacity [Btu/h],Nominal Sensible Capacity [Btu/h],Nominal Latent Capacity [Btu/h],Nominal Sensible Heat Ratio,Nominal Efficiency [Btuh/Btuh],Nominal Coil UA Value [Btu/h-F],Nominal Coil Surface Area [ft2]
,WINDOWAC COIL,Coil:Cooling:DX:SingleSpeed,,23840.05,19087.66,4752.39,0.80,2.87,,
Nominal values are gross at rated conditions, i.e., the supply air fan heat and electric power NOT accounted for.


DX Cooling Coils

,,DX Cooling Coil Type,Standard Rated Net Cooling Capacity [ton],Standard Rated Net COP [Btuh/Btuh],EER [Btu/W-h],SEER User [Btu/W-h],SEER Standard [Btu/W-h],IEER [Btu/W-h]
,WINDOWAC COIL,,1.9,2.12,7.25,7.57,7.45,7.73
ANSI/AHRI ratings account for supply air fan heat and electric power. SEER User is calculated using user-input PLF curve and cooling coefficient of degradation whereas SEER Standard is calculated using AHRI Std 210/240-2008 default PLF curve and cooling coefficient of degradation.


DX Cooling Coil ASHRAE 127 Standard Ratings Report

,,DX Cooling Coil Type,Rated Net Cooling Capacity Test A [ton],Rated Electric Power Test A [W],Rated Net Cooling Capacity Test B [ton],Rated Electric Power Test B [W],Rated Net Cooling Capacity Test C [ton],Rated Electric Power Test C [W],Rated Net Cooling Capacity Test D [ton],Rated Electric Power Test D [W]
,WINDOWAC COIL,Coil:Cooling:DX:SingleSpeed,,,,,,,,


DX Heating Coils

,,DX Heating Coil Type,High Temperature Heating (net) Rating Capacity [Btu/h],Low Temperature Heating (net) Rating Capacity [Btu/h],HSPF [Btu/W-h],Region Number
,None,,,,,


Heating Coils

,,Type,Design Coil Load [Btu/h],Nominal Total Capacity [Btu/h],Nominal Efficiency [Btuh/Btuh]
,None,,,,


Fans

,,Type,Total Efficiency [Btuh/Btuh],Delta Pressure [psi],Max Air Flow Rate [ft3/min],Rated Electricity Rate [W],Rated Power Per Max Air Flow Rate [W-min/ft3],Motor Heat In Air Fraction,Fan Energy Index,End Use Subcategory,Design Day Name for Fan Sizing Peak,Date/Time for Fan Sizing Peak
,WINDOWAC FAN,Fan:OnOff,1.00,0.00,894.26,0.00,0.00,0.00,0.00,General,BOISE AP-GOWEN FIELD ANGB ANN CLG .4% CONDNS DB=>MWB,7/21 10:00:00


Pumps

,,Type,Control,Head [psi],Water Flow [gal/min],Electricity Rate [W],Power Per Water Flow Rate [W-min/gal],Motor Efficiency [Btuh/Btuh],End Use Subcategory
,None,,,,,,,,


Service Water Heating

,,Type,Storage Volume [ft3],Input [Btu/h],Thermal Efficiency [Btuh/Btuh],Recovery Efficiency [Btuh/Btuh],Energy Factor
,None,,,,,,


----------------------------------------------------------------------------------------------------
REPORT:,HVAC Sizing Summary
FOR:,Entire Facility
Zone Sensible Cooling

,,Calculated Design Load [Btu/h],User Design Load [Btu/h],User Design Load per Area [Btu/h-ft2],Calculated Design Air Flow [ft3/min],User Design Air Flow [ft3/min],Design Day Name,Date/Time Of Peak {TIMESTAMP},Thermostat Setpoint Temperature at Peak Load [F],Indoor Temperature at Peak Load [F],Indoor Humidity Ratio at Peak Load [lbWater/lbDryAir],Outdoor Temperature at Peak Load [F],Outdoor Humidity Ratio at Peak Load [lbWater/lbDryAir],Minimum Outdoor Air Flow Rate [ft3/min],Heat Gain Rate from DOAS [Btu/h]
,LIVING,22048.85,22048.85,10.83,894.262,894.262,BOISE AP-GOWEN FIELD ANGB ANN CLG .4% CONDNS DB=>MWB,7/21 10:00:00,78.00,78.00,0.00788,87.31,0.00580,0.000,0.00
The Design Load is the zone sensible load only. It does not include any system effects or ventilation loads.


Zone Sensible Heating

,,Calculated Design Load [Btu/h],User Design Load [Btu/h],User Design Load per Area [Btu/h-ft2],Calculated Design Air Flow [ft3/min],User Design Air Flow [ft3/min],Design Day Name,Date/Time Of Peak {TIMESTAMP},Thermostat Setpoint Temperature at Peak Load [F],Indoor Temperature at Peak Load [F],Indoor Humidity Ratio at Peak Load [lbWater/lbDryAir],Outdoor Temperature at Peak Load [F],Outdoor Humidity Ratio at Peak Load [lbWater/lbDryAir],Minimum Outdoor Air Flow Rate [ft3/min],Heat Gain Rate from DOAS [Btu/h]
,LIVING,20256.39,20256.39,9.95,378.182,378.182,BOISE AP-GOWEN FIELD ANGB ANN HTG 99.6% CONDNS DB,12/21 24:00:00,69.00,68.99,0.00734,9.32,0.00138,0.000,0.00
The Design Load is the zone sensible load only. It does not include any system effects or ventilation loads.


System Design Air Flow Rates

,,Calculated cooling [ft3/min],User cooling [ft3/min],Calculated heating [ft3/min],User heating [ft3/min],Adjusted cooling [ft3/min],Adjusted heating [ft3/min],Adjusted main [ft3/min],Calculated Heating Air Flow Ratio [],User Heating Air Flow Ratio []
,None,,,,,,,,,


Plant Loop Coincident Design Fluid Flow Rate Adjustments

,,Previous Design Volume Flow Rate [ft3/min],Algorithm Volume Flow Rate [ft3/min],Coincident Design Volume Flow Rate [ft3/min],Coincident Size Adjusted,Peak Sizing Period Name,Peak Day into Period {TIMESTAMP}[day],Peak Hour Of Day {TIMESTAMP}[hr],Peak Step Start Minute {TIMESTAMP}[min]
,None,,,,,,,,


Coil Sizing Summary

,,Coil Type,HVAC Type,HVAC Name,Coil Final Gross Total Capacity [Btu/h],Coil Final Gross Sensible Capacity [Btu/h],Coil Final Reference Air Volume Flow Rate [ft3/min],Coil Final Reference Plant Fluid Volume Flow Rate [ft3/min],Coil U-value Times Area Value [Btu/h-F],Design Day Name at Sensible Ideal Loads Peak,Date/Time at Sensible Ideal Loads Peak,Design Day Name at Air Flow Ideal Loads Peak,Date/Time at Air Flow Ideal Loads Peak,Coil Total Capacity at Ideal Loads Peak [Btu/h],Coil Sensible Capacity at Ideal Loads Peak [Btu/h],Coil Air Volume Flow Rate at Ideal Loads Peak [ft3/min],Coil Entering Air Drybulb at Ideal Loads Peak [F],Coil Entering Air Wetbulb at Ideal Loads Peak [F],Coil Entering Air Humidity Ratio at Ideal Loads Peak [lbWater/lbDryAir],Coil Leaving Air Drybulb at Ideal Loads Peak [F],Coil Leaving Air Wetbulb at Ideal Loads Peak [F],Coil Leaving Air Humidity Ratio at Ideal Loads Peak [lbWater/lbDryAir],Outdoor Air Drybulb at Ideal Loads Peak [F],Outdoor Air Humidity Ratio at Ideal Loads Peak [lbWater/lbDryAir],Outdoor Air Wetbulb at Ideal Loads Peak [F],Outdoor Air Flow Percentage at Ideal Loads Peak [%],Zone Air Drybulb at Ideal Loads Peak [F],Zone Air Humidity Ratio at Ideal Loads Peak [lbWater/lbDryAir],Zone Air Relative Humidity at Ideal Loads Peak [%],Zone Sensible Heat Gain at Ideal Loads Peak [Btu/h],Zone Latent Heat Gain at Ideal Loads Peak [Btu/h],Coil Total Capacity at Rating Conditions [Btu/h],Coil Sensible Capacity at Rating Conditions [Btu/h]
,WINDOWAC COIL,COIL:COOLING:DX:SINGLESPEED,ZONEHVAC:WINDOWAIRCONDITIONER,WINDOW AC,23840.052,19087.663,894.262385,-999.,-999.00,BOISE AP-GOWEN FIELD ANGB ANN CLG .4% CONDNS DB=>MWB,7/21 10:00:00,unknown,7/21 10:00:00,26402.06,26402.06,894.262385,78.00,60.00,0.00788458,53.60,50.74,0.00788458,87.31,0.00579785,60.05,0.0000,78.00,0.00788458,35.6077,22048.85,0.00,23719.99,18220.88


----------------------------------------------------------------------------------------------------
REPORT:,Coil Sizing Details
FOR:,Entire Facility
Coils

,,Coil Type,Coil Location,HVAC Type,HVAC Name,Zone Name(s),System Sizing Method Concurrence,System Sizing Method Capacity,System Sizing Method Air Flow,Autosized Coil Capacity?,Autosized Coil Airflow?,Autosized Coil Water Flow?,OA Pretreated prior to coil inlet?,Coil Final Gross Total Capacity [Btu/h],Coil Final Gross Sensible Capacity [Btu/h],Coil Final Reference Air Volume Flow Rate [ft3/min],Coil Final Reference Plant Fluid Volume Flow Rate [ft3/min],Coil U-value Times Area Value [Btu/h-F],Terminal Unit Reheat Coil Multiplier,DX Coil Capacity Increase Ratio from Too Low Flow/Capacity Ratio,DX Coil Capacity Decrease Ratio from Too High Flow/Capacity Ratio,Moist Air Heat Capacity [Btu/lbm-R],Dry Air Heat Capacity [Btu/lbm-R],Standard Air Density Adjusted for Elevation [lb/ft3],Supply Fan Name for Coil,Supply Fan Type for Coil,Supply Fan Maximum Air Volume Flow Rate [ft3/min],Supply Fan Maximum Air Mass Flow Rate [lb/s],Plant Name for Coil,Plant Fluid Specific Heat Capacity [Btu/lbm-R],Plant Fluid Density [lb/ft3],Plant Maximum Fluid Mass Flow Rate [lb/s],Plant Design Fluid Return Temperature [F],Plant Design Fluid Supply Temperature [F],Plant Design Fluid Temperature Difference [deltaF],Plant Design Capacity [Btu/h],Coil Capacity Percentage of Plant Design Capacity [%],Coil Fluid Flow Rate Percentage of Plant Design Flow Rate [%],Design Day Name at Sensible Ideal Loads Peak,Date/Time at Sensible Ideal Loads Peak,Design Day Name at Total Ideal Loads Peak,Date/Time at Total Ideal Loads Peak,Design Day Name at Air Flow Ideal Loads Peak,Date/Time at Air Flow Ideal Loads Peak,Peak Load Type to Size On,Coil Total Capacity at Ideal Loads Peak [Btu/h],Coil Sensible Capacity at Ideal Loads Peak [Btu/h],Coil Off-Rating Capacity Modifier at Ideal Loads Peak [],Coil Air Mass Flow Rate at Ideal Loads Peak [lb/s],Coil Air Volume Flow Rate at Ideal Loads Peak [ft3/min],Coil Entering Air Drybulb at Ideal Loads Peak [F],Coil Entering Air Wetbulb at Ideal Loads Peak [F],Coil Entering Air Humidity Ratio at Ideal Loads Peak [lbWater/lbDryAir],Coil Entering Air Enthalpy at Ideal Loads Peak [Btu/lbm-R],Coil Leaving Air Drybulb at Ideal Loads Peak [F],Coil Leaving Air Wetbulb at Ideal Loads Peak [F],Coil Leaving Air Humidity Ratio at Ideal Loads Peak [lbWater/lbDryAir],Coil Leaving Air Enthalpy at Ideal Loads Peak [Btu/lbm-R],Coil Plant Fluid Mass Flow Rate at Ideal Loads Peak [lb/s],Coil Entering Plant Fluid Temperature at Ideal Loads Peak [F],Coil Leaving Plant Fluid Temperature at Ideal Loads Peak [F],Coil Plant Fluid Temperature Difference at Ideal Loads Peak [deltaF],Supply Fan Air Heat Gain at Ideal Loads Peak [Btu/h],Coil and Fan Net Total Capacity at Ideal Loads Peak [Btu/h],Outdoor Air Drybulb at Ideal Loads Peak [F],Outdoor Air Humidity Ratio at Ideal Loads Peak [lbWater/lbDryAir],Outdoor Air Wetbulb at Ideal Loads Peak [F],Outdoor Air Volume Flow Rate at Ideal Loads Peak [ft3/min],Outdoor Air Flow Percentage at Ideal Loads Peak [%],System Return Air Drybulb at Ideal Loads Peak [F],System Return Air Humidity Ratio at Ideal Loads Peak [lbWater/lbDryAir],Zone Air Drybulb at Ideal Loads Peak [F],Zone Air Humidity Ratio at Ideal Loads Peak [lbWater/lbDryAir],Zone Air Relative Humidity at Ideal Loads Peak [%],Zone Sensible Heat Gain at Ideal Loads Peak [Btu/h],Zone Latent Heat Gain at Ideal Loads Peak [Btu/h],Coil Total Capacity at Rating Conditions [Btu/h],Coil Sensible Capacity at Rating Conditions [Btu/h],Coil Air Mass Flow Rate at Rating Conditions [lb/s],Coil Entering Air Drybulb at Rating Conditions [F],Coil Entering Air Wetbulb at Rating Conditions [F],Coil Entering Air Humidity Ratio at Rating Conditions [lbWater/lbDryAir],Coil Entering Air Enthalpy at Rating Conditions [Btu/lbm-R],Coil Leaving Air Drybulb at Rating Conditions [F],Coil Leaving Air Wetbulb at Rating Conditions [F],Coil Leaving Air Humidity Ratio at Rating Conditions [lbWater/lbDryAir],Coil Leaving Air Enthalpy at Rating Conditions [Btu/lbm-R]
,WINDOWAC COIL,COIL:COOLING:DX:SINGLESPEED,Zone Equipment,ZONEHVAC:WINDOWAIRCONDITIONER,WINDOW AC,LIVING,N/A,N/A,N/A,Yes,Yes,unknown,No,23840.052,19087.663,894.262385,-999.,-999.00,-999.0000,1.00763,1.00000,0.2435,0.2400,0.0691,WINDOWAC FAN,Fan:OnOff,894.262385,1.03060314,,-999.000,-999.000,-999.,-999.0,-999.0,-999.0,-999.0,-999.000,-999.,BOISE AP-GOWEN FIELD ANGB ANN CLG .4% CONDNS DB=>MWB,7/21 10:00:00,unknown,unknown,unknown,7/21 10:00:00,Sensible,26402.06,26402.06,0.9030,1.03060314,894.262385,78.00,60.00,0.00788458,10.9,53.60,50.74,0.00788458,7.6,-999.,-999.0,-999.0,-999.0,0.000,26402.06,87.31,0.00579785,60.05,0.00000000,0.0000,78.00,0.00788458,78.00,0.00788458,35.6077,22048.85,0.00,23719.99,18220.88,0.98990211,80.00,67.00,0.01118466,13.2,59.07,57.60,0.00977734,9.5


----------------------------------------------------------------------------------------------------
REPORT:,System Summary
FOR:,Entire Facility
Economizer

,,High Limit Shutoff Control,Minimum Outdoor Air [ft3/min],Maximum Outdoor Air [ft3/min],Return Air Temp Limit,Return Air Enthalpy Limit,Outdoor Air Temperature Limit [F],Outdoor Air Enthalpy Limit [F]
,None,,,,,,,


Demand Controlled Ventilation using Controller:MechanicalVentilation

,,Controller:MechanicalVentilation Name,Outdoor Air Per Person [ft3/min-person],Outdoor Air Per Area [ft3/min-ft2],Outdoor Air Per Zone [ft3/min],Outdoor Air ACH [ACH],Outdoor Air Method,Outdoor Air Schedule Name,Air Distribution Effectiveness in Cooling Mode,Air Distribution Effectiveness in Heating Mode,Air Distribution Effectiveness Schedule Name
,None,,,,,,,,,,


Time Not Comfortable Based on Simple ASHRAE 55-2004

,,Winter Clothes [hr],Summer Clothes [hr],Summer or Winter Clothes [hr]
,LIVING,0.00,0.00,0.00
,ATTIC,0.00,0.00,0.00
,CRAWLSPACE,0.00,0.00,0.00
,Facility,0.00,0.00,0.00
Aggregated over the RunPeriods for Weather


Time Setpoint Not Met

,,During Heating [hr],During Cooling [hr],During Occupied Heating [hr],During Occupied Cooling [hr]
,LIVING,636.00,22.00,0.00,0.00
,ATTIC,0.00,0.00,0.00,0.00
,CRAWLSPACE,0.00,0.00,0.00,0.00
,Facility,636.00,22.00,0.00,0.00
Aggregated over the RunPeriods for Weather


----------------------------------------------------------------------------------------------------
REPORT:,Outdoor Air Summary
FOR:,Entire Facility
Average Outdoor Air During Occupied Hours

,,Average Number of Occupants,Nominal Number of Occupants,Zone Volume [ft3],Mechanical Ventilation [ACH],Infiltration [ACH],AFN Infiltration [ACH],Simple Ventilation [ACH]
,LIVING,,,16282.23,,,,
Values shown for a single zone without multipliers


Minimum Outdoor Air During Occupied Hours

,,Average Number of Occupants,Nominal Number of Occupants,Zone Volume [ft3],Mechanical Ventilation [ACH],Infiltration [ACH],AFN Infiltration [ACH],Simple Ventilation [ACH]
,LIVING,,,16282.23,,,,
Values shown for a single zone without multipliers


----------------------------------------------------------------------------------------------------
REPORT:,Outdoor Air Details
FOR:,Entire Facility
Mechanical Ventilation Parameters by Zone

,,AirLoop Name,Average Number of Occupants,Nominal Number of Occupants,Zone Volume [ft3],Zone Area [ft2],Design Zone Outdoor Airflow - Voz [ft3/min],Minimum Dynamic Target Ventilation - Voz-dyn-min [ft3/min]
,LIVING,,,0.00,16282.23,2035.18,,0.000
,Total Facility,,0.00,0.00,16282.23,2035.18,0.0000,0.000


Total Outdoor Air by Zone

,,Mechanical Ventilation [ft3],Natural Ventilation [ft3],Total Ventilation [ft3],Infiltration [ft3],Total Ventilation and Infiltration [ft3],Dynamic Target Ventilation - Voz-dyn [ft3],Time Below Voz-dyn [hr],Time At Voz-dyn [hr],Time Above Voz-dyn [hr],Time Above Zero When Unoccupied [hr]
,LIVING,0.00,0.00,0.00,0.00,97212140.01,0.00,0.00,0.00,0.00,0.00
,Total Facility,0.00,0.00,0.00,0.00,0.00,0.00,0.00,0.00,0.00,0.00


Average Outdoor Air During Occupancy by Zone - Flow Rates

,,Mechanical Ventilation [ft3/min],Natural Ventilation [ft3/min],Total Ventilation [ft3/min],Infiltration [ft3/min],Total Ventilation and Infiltration [ft3/min],Dynamic Target Ventilation - Voz-dyn [ft3/min],Time Below Voz-dyn [hr],Time At Voz-dyn [hr],Time Above Voz-dyn [hr]
,Total Facility,0.0000,0.0000,0.0000,0.0000,0.0000,0.0000,0.00,0.00,0.00


Total Outdoor Air by AirLoop

,,Mechanical Ventilation [ft3],Natural Ventilation [ft3/min],Total Ventilation [ft3/min],Sum Zone Dynamic Target Ventilation - Voz-sum-dyn [ft3],Time Below Voz-sum-dyn [hr],Time At Voz-sum-dyn [hr],Time Above Voz-sum-dyn [hr],Time Above Zero When Unoccupied [hr]
,None,,,,,,,,


Average Outdoor Air During Occupancy by AirLoop

,,Mechanical Ventilation [ft3/min],Natural Ventilation [ft3/min],Total Ventilation [ft3/min],Sum Zone Dynamic Target Ventilation - Voz-sum-dyn [ft3/min],Time Below Voz-sum-dyn [hr],Time At Voz-sum-dyn [hr],Time Above Voz-sum-dyn [hr]
,None,,,,,,,


Outdoor Air Controller Limiting Factors by AirLoop

,,No Limiting Factor [hr],Limits and Scheduled Limits [hr],Economizer [hr],Exhaust Flow [hr],Mixed Air Flow [hr],High Humidity [hr],Demand Controlled Ventilation [hr],Night Ventilation [hr],Demand Limiting [hr],Energy Management System [hr]
,None,,,,,,,,,,


Average Outdoor Air for Limiting Factors During Occupancy

,,No Limiting Factor [ft3/min],Limits and Scheduled Limits [ft3/min],Economizer [ft3/min],Exhaust Flow [ft3/min],Mixed Air Flow [ft3/min],High Humidity [ft3/min],Demand Controlled Ventilation [ft3/min],Night Ventilation [ft3/min],Demand Limiting [ft3/min],Energy Management System [ft3/min]
,None,,,,,,,,,,


----------------------------------------------------------------------------------------------------
REPORT:,Object Count Summary
FOR:,Entire Facility
Surfaces by Class

,,Total,Outdoors
,Wall,14,14
,Floor,3,1
,Roof,4,2
,Internal Mass,1,0
,Building Detached Shading,0,0
,Fixed Detached Shading,0,0
,Window,4,4
,Door,0,0
,Glass Door,0,0
,Shading,0,0
,Overhang,0,0
,Fin,0,0
,Tubular Daylighting Device Dome,0,0
,Tubular Daylighting Device Diffuser,0,0


HVAC

,,Count
,HVAC Air Loops,0
,Conditioned Zones,1
,Unconditioned Zones,2
,Supply Plenums,0
,Return Plenums,0


Input Fields

,,Count
,IDF Objects,348
,Defaulted Fields,292
,Fields with Defaults,1532
,Autosized Fields,9
,Autosizable Fields,11
,Autocalculated Fields,30
,Autocalculatable Fields,49


----------------------------------------------------------------------------------------------------
REPORT:,Energy Meters
FOR:,Entire Facility
Annual and Peak Values - Electricity

,,Electricity Annual Value [kWh],Electricity Minimum Value [W],Timestamp of Minimum {TIMESTAMP},Electricity Maximum Value [W],Timestamp of Maximum {TIMESTAMP}
,Electricity:Facility,18954.10,0.00,06-FEB-11:00,5936.81,01-JAN-11:00
,Electricity:Building,0.00,0.00,01-JAN-01:00,0.00,01-JAN-01:00
,Electricity:Zone:LIVING,0.00,0.00,01-JAN-01:00,0.00,01-JAN-01:00
,InteriorLights:Electricity,0.00,0.00,01-JAN-01:00,0.00,01-JAN-01:00
,InteriorLights:Electricity:Zone:LIVING,0.00,0.00,01-JAN-01:00,0.00,01-JAN-01:00
,General:InteriorLights:Electricity,0.00,0.00,01-JAN-01:00,0.00,01-JAN-01:00
,InteriorEquipment:Electricity,0.00,0.00,01-JAN-01:00,0.00,01-JAN-01:00
,InteriorEquipment:Electricity:Zone:LIVING,0.00,0.00,01-JAN-01:00,0.00,01-JAN-01:00
,electric_mels:InteriorEquipment:Electricity,0.00,0.00,01-JAN-01:00,0.00,01-JAN-01:00
,ElectricityPurchased:Facility,18954.10,0.00,06-FEB-11:00,5936.81,01-JAN-11:00
,ElectricityPurchased:Plant,18954.10,0.00,06-FEB-11:00,5936.81,01-JAN-11:00
,Cogeneration:ElectricityPurchased,18954.10,0.00,06-FEB-11:00,5936.81,01-JAN-11:00
,General:Cogeneration:ElectricityPurchased,18954.10,0.00,06-FEB-11:00,5936.81,01-JAN-11:00
,ElectricitySurplusSold:Facility,0.00,0.00,01-JAN-01:00,0.00,01-JAN-01:00
,ElectricitySurplusSold:Plant,0.00,0.00,01-JAN-01:00,0.00,01-JAN-01:00
,Cogeneration:ElectricitySurplusSold,0.00,0.00,01-JAN-01:00,0.00,01-JAN-01:00
,General:Cogeneration:ElectricitySurplusSold,0.00,0.00,01-JAN-01:00,0.00,01-JAN-01:00
,ElectricityNet:Facility,18954.10,0.00,06-FEB-11:00,5936.81,01-JAN-11:00
,ElectricityNet:Plant,18954.10,0.00,06-FEB-11:00,5936.81,01-JAN-11:00
,Cogeneration:ElectricityNet,18954.10,0.00,06-FEB-11:00,5936.81,01-JAN-11:00
,General:Cogeneration:ElectricityNet,18954.10,0.00,06-FEB-11:00,5936.81,01-JAN-11:00
,Electricity:HVAC,18954.10,0.00,06-FEB-11:00,5936.81,01-JAN-11:00
,Fans:Electricity,0.00,0.00,01-JAN-01:00,0.00,01-JAN-01:00
,General:Fans:Electricity,0.00,0.00,01-JAN-01:00,0.00,01-JAN-01:00
,Cooling:Electricity,2146.61,0.00,01-JAN-01:00,2985.90,28-JUL-17:00
,General:Cooling:Electricity,2146.61,0.00,01-JAN-01:00,2985.90,28-JUL-17:00
,Heating:Electricity,16807.49,0.00,06-FEB-11:00,5936.81,01-JAN-11:00
,General:Heating:Electricity,16807.49,0.00,06-FEB-11:00,5936.81,01-JAN-11:00
,ExteriorLights:Electricity,0.00,0.00,01-JAN-01:00,0.00,01-JAN-01:00
,Exterior-Lights:ExteriorLights:Electricity,0.00,0.00,01-JAN-01:00,0.00,01-JAN-01:00
,Garage-Lights:ExteriorLights:Electricity,0.00,0.00,01-JAN-01:00,0.00,01-JAN-01:00


Annual and Peak Values - Natural Gas

,,Natural Gas Annual Value [therm],Natural Gas Minimum Value [Btu/h],Timestamp of Minimum {TIMESTAMP},Natural Gas Maximum Value [Btu/h],Timestamp of Maximum {TIMESTAMP}
,NaturalGas:Facility,0.00,0.00,01-JAN-01:00,0.00,01-JAN-01:00
,NaturalGas:Building,0.00,0.00,01-JAN-01:00,0.00,01-JAN-01:00
,NaturalGas:Zone:LIVING,0.00,0.00,01-JAN-01:00,0.00,01-JAN-01:00
,InteriorEquipment:NaturalGas,0.00,0.00,01-JAN-01:00,0.00,01-JAN-01:00
,InteriorEquipment:NaturalGas:Zone:LIVING,0.00,0.00,01-JAN-01:00,0.00,01-JAN-01:00
,gas_mels:InteriorEquipment:NaturalGas,0.00,0.00,01-JAN-01:00,0.00,01-JAN-01:00


Annual and Peak Values - Cooling

,,Cooling Annual Value [ton-hrs],Cooling Minimum Value [ton],Timestamp of Minimum {TIMESTAMP},Cooling Maximum Value [ton],Timestamp of Maximum {TIMESTAMP}
,None,,,,,


Annual and Peak Values - Water

,,Annual Value [ft3],Minimum Value [ft3/min],Timestamp of Minimum {TIMESTAMP},Maximum Value [ft3/min],Timestamp of Maximum {TIMESTAMP}
,None,,,,,


Annual and Peak Values - Other by Weight/Mass

,,Annual Value [lb],Minimum Value [lb/s],Timestamp of Minimum {TIMESTAMP},Maximum Value [lb/s],Timestamp of Maximum {TIMESTAMP}
,Carbon Equivalent:Facility,0.00,0.000,01-JAN-01:00,0.000,01-JAN-01:00
,CarbonEquivalentEmissions:Carbon Equivalent,0.00,0.000,01-JAN-01:00,0.000,01-JAN-01:00


Annual and Peak Values - Other Volumetric

,,Annual Value [ft3],Minimum Value [ft3/min],Timestamp of Minimum {TIMESTAMP},Maximum Value [ft3/min],Timestamp of Maximum {TIMESTAMP}
,None,,,,,


Annual and Peak Values - Other Liquid/Gas

,,Annual Value [gal],Minimum Value [gal],Timestamp of Minimum {TIMESTAMP},Maximum Value [gal],Timestamp of Maximum {TIMESTAMP}
,None,,,,,


Annual and Peak Values - Other

,,Annual Value [kBtu],Minimum Value [Btu/h],Timestamp of Minimum {TIMESTAMP},Maximum Value [Btu/h],Timestamp of Maximum {TIMESTAMP}
,EnergyTransfer:Facility,145857.67,0.00,06-FEB-11:00,43604.64,13-JUL-10:00
,EnergyTransfer:Building,72918.09,0.00,06-FEB-11:00,21828.78,13-JUL-10:00
,EnergyTransfer:Zone:LIVING,72918.09,0.00,06-FEB-11:00,21828.78,13-JUL-10:00
,Heating:EnergyTransfer,57387.79,0.00,06-FEB-11:00,20256.39,01-JAN-11:00
,Heating:EnergyTransfer:Zone:LIVING,57387.79,0.00,06-FEB-11:00,20256.39,01-JAN-11:00
,General:Heating:EnergyTransfer,57387.79,0.00,06-FEB-11:00,20256.39,01-JAN-11:00
,Cooling:EnergyTransfer,15530.30,0.00,01-JAN-01:00,21828.78,13-JUL-10:00
,Cooling:EnergyTransfer:Zone:LIVING,15530.30,0.00,01-JAN-01:00,21828.78,13-JUL-10:00
,General:Cooling:EnergyTransfer,15530.30,0.00,01-JAN-01:00,21828.78,13-JUL-10:00
,EnergyTransfer:Zone:ATTIC,0.00,0.00,01-JAN-01:00,0.00,01-JAN-01:00
,Heating:EnergyTransfer:Zone:ATTIC,0.00,0.00,01-JAN-01:00,0.00,01-JAN-01:00
,Cooling:EnergyTransfer:Zone:ATTIC,0.00,0.00,01-JAN-01:00,0.00,01-JAN-01:00
,EnergyTransfer:Zone:CRAWLSPACE,0.00,0.00,01-JAN-01:00,0.00,01-JAN-01:00
,Heating:EnergyTransfer:Zone:CRAWLSPACE,0.00,0.00,01-JAN-01:00,0.00,01-JAN-01:00
,Cooling:EnergyTransfer:Zone:CRAWLSPACE,0.00,0.00,01-JAN-01:00,0.00,01-JAN-01:00
,EnergyTransfer:HVAC,72939.58,0.00,06-FEB-11:00,21775.87,13-JUL-10:00
,CoolingCoils:EnergyTransfer,15551.79,0.00,01-JAN-01:00,21775.87,13-JUL-10:00
,Baseboard:EnergyTransfer,57387.79,0.00,06-FEB-11:00,20256.39,01-JAN-11:00


----------------------------------------------------------------------------------------------------
REPORT:,Sensible Heat Gain Summary
FOR:,Entire Facility
Annual Building Sensible Heat Gain Components

,,HVAC Zone Eq & Other Sensible Air Heating [kBtu],HVAC Zone Eq & Other Sensible Air Cooling [ton-hrs],HVAC Terminal Unit Sensible Air Heating [kBtu],HVAC Terminal Unit Sensible Air Cooling [ton-hrs],HVAC Input Heated Surface Heating [kBtu],HVAC Input Cooled Surface Cooling [ton-hrs],People Sensible Heat Addition [kBtu],Lights Sensible Heat Addition [kBtu],Equipment Sensible Heat Addition [kBtu],Window Heat Addition [kBtu],Interzone Air Transfer Heat Addition [kBtu],Infiltration Heat Addition [kBtu],Opaque Surface Conduction and Other Heat Addition [kBtu],Equipment Sensible Heat Removal [kBtu],Window Heat Removal [kBtu],Interzone Air Transfer Heat Removal [kBtu],Infiltration Heat Removal [kBtu],Opaque Surface Conduction and Other Heat Removal [kBtu]
,LIVING,57387.792,-1293.31,0.000,0.000,0.000,0.000,0.000,0.000,0.000,36745.695,14.117,1342.872,0.000,0.000,-22276.64,-2.30,-30484.53,-27196.94
,ATTIC,0.000,0.000,0.000,0.000,0.000,0.000,0.000,0.000,0.000,0.000,12379.101,1427.024,25013.925,0.000,0.000,-2303.82,-36516.23,-2.41
,CRAWLSPACE,0.000,0.000,0.000,0.000,0.000,0.000,0.000,0.000,0.000,0.000,14.020,9048.457,13812.820,0.000,0.000,-0.41,-22874.89,0.000
,Total Facility,57387.792,-1293.31,0.000,0.000,0.000,0.000,0.000,0.000,0.000,36745.695,12407.238,11818.353,38826.745,0.000,-22276.64,-2306.52,-89875.66,-27199.35


Peak Cooling Sensible Heat Gain Components

,,Time of Peak {TIMESTAMP},HVAC Zone Eq & Other Sensible Air Heating [Btu/h],HVAC Zone Eq & Other Sensible Air Cooling [ton],HVAC Terminal Unit Sensible Air Heating [Btu/h],HVAC Terminal Unit Sensible Air Cooling [ton],HVAC Input Heated Surface Heating [Btu/h],HVAC Input Cooled Surface Cooling [ton],People Sensible Heat Addition [Btu/h],Lights Sensible Heat Addition [Btu/h],Equipment Sensible Heat Addition [Btu/h],Window Heat Addition [Btu/h],Interzone Air Transfer Heat Addition [Btu/h],Infiltration Heat Addition [Btu/h],Opaque Surface Conduction and Other Heat Addition [Btu/h],Equipment Sensible Heat Removal [Btu/h],Window Heat Removal [Btu/h],Interzone Air Transfer Heat Removal [Btu/h],Infiltration Heat Removal [Btu/h],Opaque Surface Conduction and Other Heat Removal [Btu/h]
,LIVING,13-JUL-09:10,0.00,-1.8,0.00,0.00,0.00,0.00,0.00,0.00,0.00,28839.36,0.00,1394.04,0.00,0.00,0.00,0.00,0.00,-8192.4
,ATTIC,-,0.00,0.00,0.00,0.00,0.00,0.00,0.00,0.00,0.00,0.00,0.00,0.00,0.00,0.00,0.00,0.00,0.00,0.00
,CRAWLSPACE,-,0.00,0.00,0.00,0.00,0.00,0.00,0.00,0.00,0.00,0.00,0.00,0.00,0.00,0.00,0.00,0.00,0.00,0.00
,Total Facility,13-JUL-09:10,0.00,-1.8,0.00,0.00,0.00,0.00,0.00,0.00,0.00,28839.36,0.00,5733.46,0.00,0.00,0.00,-1689.5,-8965.0,-1877.3


Peak Heating Sensible Heat Gain Components

,,Time of Peak {TIMESTAMP},HVAC Zone Eq & Other Sensible Air Heating [Btu/h],HVAC Zone Eq & Other Sensible Air Cooling [ton],HVAC Terminal Unit Sensible Air Heating [Btu/h],HVAC Terminal Unit Sensible Air Cooling [ton],HVAC Input Heated Surface Heating [Btu/h],HVAC Input Cooled Surface Cooling [ton],People Sensible Heat Addition [Btu/h],Lights Sensible Heat Addition [Btu/h],Equipment Sensible Heat Addition [Btu/h],Window Heat Addition [Btu/h],Interzone Air Transfer Heat Addition [Btu/h],Infiltration Heat Addition [Btu/h],Opaque Surface Conduction and Other Heat Addition [Btu/h],Equipment Sensible Heat Removal [Btu/h],Window Heat Removal [Btu/h],Interzone Air Transfer Heat Removal [Btu/h],Infiltration Heat Removal [Btu/h],Opaque Surface Conduction and Other Heat Removal [Btu/h]
,LIVING,01-JAN-00:08,20256.39,0.00,0.00,0.00,0.00,0.00,0.00,0.00,0.00,0.00,0.00,0.00,0.00,0.00,-8693.3,0.00,-8877.0,-2686.0
,ATTIC,-,0.00,0.00,0.00,0.00,0.00,0.00,0.00,0.00,0.00,0.00,0.00,0.00,0.00,0.00,0.00,0.00,0.00,0.00
,CRAWLSPACE,-,0.00,0.00,0.00,0.00,0.00,0.00,0.00,0.00,0.00,0.00,0.00,0.00,0.00,0.00,0.00,0.00,0.00,0.00
,Total Facility,01-JAN-00:08,20256.39,0.00,0.00,0.00,0.00,0.00,0.00,0.00,0.00,0.00,3928.82,0.00,27291.04,0.00,-8693.3,0.00,-42782.9,0.00


----------------------------------------------------------------------------------------------------
REPORT:,Standard 62.1 Summary
FOR:,Entire Facility
System Ventilation Requirements for Cooling

,,Sum of Zone Primary Air Flow - Vpz-sum [ft3/min],System Population - Ps,Sum of Zone Population - Pz-sum,Occupant Diversity - D,Uncorrected Outdoor Air Intake Airflow - Vou [ft3/min],System Primary Airflow - Vps [ft3/min],Average Outdoor Air Fraction - Xs,System Ventilation Efficiency - Ev,Outdoor Air Intake Flow - Vot [ft3/min],Percent Outdoor Air - %OA,Environment Name of Peak System Population - Ps,Date and Time of Last Peak System Population - Ps
,None,,,,,,,,,,,,


System Ventilation Requirements for Heating

,,Sum of Zone Primary Air Flow - Vpz-sum [ft3/min],System Population - Ps,Sum of Zone Population - Pz-sum,Occupant Diversity - D,Uncorrected Outdoor Air Intake Airflow - Vou [ft3/min],System Primary Airflow - Vps [ft3/min],Average Outdoor Air Fraction - Xs,System Ventilation Efficiency - Ev,Outdoor Air Intake Flow Vot [ft3/min],Percent Outdoor Air - %OA,Environment Name of Peak System Population - Ps,Date and Time of Last Peak System Population - Ps
,None,,,,,,,,,,,,


Zone Ventilation Parameters

,,AirLoop Name,People Outdoor Air Rate - Rp [ft3/min-person],Zone Population - Pz,Area Outdoor Air Rate - Ra [ft3/min-ft2],Zone Floor Area - Az [ft2],Breathing Zone Outdoor Airflow - Vbz [ft3/min],Cooling Zone Air Distribution Effectiveness - Ez-clg,Cooling Zone Outdoor Airflow - Voz-clg [ft3/min],Heating Zone Air Distribution Effectiveness - Ez-htg,Heating Zone Outdoor Airflow - Voz-htg [ft3/min]
,None,,,,,,,,,,


System Ventilation Parameters

,,People Outdoor Air Rate - Rp [ft3/min-person],Sum of Zone Population - Pz-sum,Area Outdoor Air Rate - Ra [ft3/min-ft2],Sum of Zone Floor Area - Az-sum [ft2],Breathing Zone Outdoor Airflow - Vbz [ft3/min],Cooling Zone Outdoor Airflow - Voz-clg [ft3/min],Heating Zone Outdoor Airflow - Voz-htg [ft3/min]
,None,,,,,,,


Zone Ventilation Calculations for Cooling Design

,,AirLoop Name,Box Type,Zone Primary Airflow - Vpz [ft3/min],Zone Discharge Airflow - Vdz [ft3/min],Minimum Zone Primary Airflow - Vpz-min [ft3/min],Zone Outdoor Airflow Cooling - Voz-clg [ft3/min],Primary Outdoor Air Fraction - Zpz,Primary Air Fraction - Ep,Secondary Recirculation Fraction- Er,Supply Air Fraction- Fa,Mixed Air Fraction - Fb,Outdoor Air Fraction - Fc,Zone Ventilation Efficiency - Evz
,None,,,,,,,,,,,,,


System Ventilation Calculations for Cooling Design

,,Sum of Zone Primary Airflow - Vpz-sum [ft3/min],System Primary Airflow - Vps [ft3/min],Sum of Zone Discharge Airflow - Vdz-sum [ft3/min],Sum of Min Zone Primary Airflow - Vpz-min [ft3/min],Zone Outdoor Airflow Cooling - Voz-clg [ft3/min],Zone Ventilation Efficiency - Evz-min
,None,,,,,,


Zone Ventilation Calculations for Heating Design

,,AirLoop Name,Box Type,Zone Primary Airflow - Vpz [ft3/min],Zone Discharge Airflow - Vdz [ft3/min],Minimum Zone Primary Airflow - Vpz-min [ft3/min],Zone Outdoor Airflow Heating - Voz-htg [ft3/min],Primary Outdoor Air Fraction - Zpz,Primary Air Fraction - Ep,Secondary Recirculation Fraction- Er,Supply Air Fraction- Fa,Mixed Air Fraction - Fb,Outdoor Air Fraction - Fc,Zone Ventilation Efficiency - Evz
,None,,,,,,,,,,,,,


System Ventilation Calculations for Heating Design

,,Sum of Zone Primary Airflow - Vpz-sum [ft3/min],System Primary Airflow - Vps [ft3/min],Sum of Zone Discharge Airflow - Vdz-sum [ft3/min],Sum of Min Zone Primary Airflow - Vpz-min [ft3/min],Zone Outdoor Airflow Heating - Voz-htg [ft3/min],Zone Ventilation Efficiency - Evz-min
,None,,,,,,


----------------------------------------------------------------------------------------------------
REPORT:,LEED Summary
FOR:,Entire Facility
Sec1.1A-General Information

,,Data
,Climate Zone,5B
,Cooling Degree Days,2905.2
,Heating Degree Days,5306.4
,HDD and CDD data source,Weather File Stat
,Weather File,ANNUAL ** Boise AP-Gowen Field ANGB ID USA TMY3 WMO#=726810
,Total gross floor area [ft2],6105.55
,Principal Heating Source,Electricity


EAp2-1. Space Usage Type

,,Space Area [ft2],Regularly Occupied Area [ft2],Unconditioned Area [ft2],Typical Hours/Week in Operation [hr/wk]
,LIVING,2035.18,2035.18,0.00,0.00
,ATTIC,2035.18,0.00,2035.18,0.00
,CRAWLSPACE,2035.18,0.00,2035.18,0.00
,Totals,6105.55,2035.18,4070.36,


EAp2-2. Advisory Messages

,,Data
,Number of hours heating loads not met,0.00
,Number of hours cooling loads not met,0.00
,Number of hours not met,0.00


EAp2-3. Energy Type Summary

,,Utility Rate,Virtual Rate [$/unit energy],Units of Energy,Units of Demand
,None,,,,


EAp2-4/5. Performance Rating Method Compliance

,,Electricity Energy Use [kWh],Electricity Demand [W],Natural Gas Energy Use [therm],Natural Gas Demand [Btu/h],Gasoline Use [therm],Gasoline Demand [Btu/h],Diesel Use [kBtu],Diesel Demand [Btu/h],Coal Use [kBtu],Coal Demand [Btu/h],Fuel Oil No 1 Use [kBtu],Fuel Oil No 1 Demand [Btu/h],Fuel Oil No 2 Use [kBtu],Fuel Oil No 2 Demand [Btu/h],Propane Use [kBtu],Propane Demand [Btu/h],Other Fuel 1 Use [kBtu],Other Fuel 1 Demand [Btu/h],Other Fuel 2 Use [kBtu],Other Fuel 2 Demand [Btu/h],District Cooling Use [ton-hrs],District Cooling Demand [ton],District Heating Use [kBtu],District Heating Demand [Btu/h]
,Heating -- General,16807.49,5936.81,0.00,0.00,0.00,0.00,0.00,0.00,0.00,0.00,0.00,0.00,0.00,0.00,0.00,0.00,0.00,0.00,0.00,0.00,0.00,0.00,0.00,0.00
,Cooling -- General,2146.61,2985.90,0.00,0.00,0.00,0.00,0.00,0.00,0.00,0.00,0.00,0.00,0.00,0.00,0.00,0.00,0.00,0.00,0.00,0.00,0.00,0.00,0.00,0.00
,Interior Lighting -- General,0.00,0.00,0.00,0.00,0.00,0.00,0.00,0.00,0.00,0.00,0.00,0.00,0.00,0.00,0.00,0.00,0.00,0.00,0.00,0.00,0.00,0.00,0.00,0.00
,Exterior Lighting -- Exterior-Lights,0.00,0.00,0.00,0.00,0.00,0.00,0.00,0.00,0.00,0.00,0.00,0.00,0.00,0.00,0.00,0.00,0.00,0.00,0.00,0.00,0.00,0.00,0.00,0.00
,Exterior Lighting -- Garage-Lights,0.00,0.00,0.00,0.00,0.00,0.00,0.00,0.00,0.00,0.00,0.00,0.00,0.00,0.00,0.00,0.00,0.00,0.00,0.00,0.00,0.00,0.00,0.00,0.00
,Interior Equipment -- electric_mels,0.00,0.00,0.00,0.00,0.00,0.00,0.00,0.00,0.00,0.00,0.00,0.00,0.00,0.00,0.00,0.00,0.00,0.00,0.00,0.00,0.00,0.00,0.00,0.00
,Interior Equipment -- gas_mels,0.00,0.00,0.00,0.00,0.00,0.00,0.00,0.00,0.00,0.00,0.00,0.00,0.00,0.00,0.00,0.00,0.00,0.00,0.00,0.00,0.00,0.00,0.00,0.00
,Exterior Equipment -- Not Subdivided,0.00,0.00,0.00,0.00,0.00,0.00,0.00,0.00,0.00,0.00,0.00,0.00,0.00,0.00,0.00,0.00,0.00,0.00,0.00,0.00,0.00,0.00,0.00,0.00
,Fans -- General,0.00,0.00,0.00,0.00,0.00,0.00,0.00,0.00,0.00,0.00,0.00,0.00,0.00,0.00,0.00,0.00,0.00,0.00,0.00,0.00,0.00,0.00,0.00,0.00
,Pumps -- Not Subdivided,0.00,0.00,0.00,0.00,0.00,0.00,0.00,0.00,0.00,0.00,0.00,0.00,0.00,0.00,0.00,0.00,0.00,0.00,0.00,0.00,0.00,0.00,0.00,0.00
,Heat Rejection -- Not Subdivided,0.00,0.00,0.00,0.00,0.00,0.00,0.00,0.00,0.00,0.00,0.00,0.00,0.00,0.00,0.00,0.00,0.00,0.00,0.00,0.00,0.00,0.00,0.00,0.00
,Humidification -- Not Subdivided,0.00,0.00,0.00,0.00,0.00,0.00,0.00,0.00,0.00,0.00,0.00,0.00,0.00,0.00,0.00,0.00,0.00,0.00,0.00,0.00,0.00,0.00,0.00,0.00
,Heat Recovery -- Not Subdivided,0.00,0.00,0.00,0.00,0.00,0.00,0.00,0.00,0.00,0.00,0.00,0.00,0.00,0.00,0.00,0.00,0.00,0.00,0.00,0.00,0.00,0.00,0.00,0.00
,Water Systems -- Not Subdivided,0.00,0.00,0.00,0.00,0.00,0.00,0.00,0.00,0.00,0.00,0.00,0.00,0.00,0.00,0.00,0.00,0.00,0.00,0.00,0.00,0.00,0.00,0.00,0.00
,Refrigeration -- Not Subdivided,0.00,0.00,0.00,0.00,0.00,0.00,0.00,0.00,0.00,0.00,0.00,0.00,0.00,0.00,0.00,0.00,0.00,0.00,0.00,0.00,0.00,0.00,0.00,0.00
,Generators -- General,0.00,0.00,0.00,0.00,0.00,0.00,0.00,0.00,0.00,0.00,0.00,0.00,0.00,0.00,0.00,0.00,0.00,0.00,0.00,0.00,0.00,0.00,0.00,0.00


EAp2-6. Energy Use Summary

,,Process Subtotal [kBtu],Total Energy Use [kBtu]
,Electricity,0.00,64717.21
,Natural Gas,0.00,0.00
,Additional,0.00,0.00
,Total,0.00,64717.21


EAp2-7. Energy Cost Summary

,,Process Subtotal [$],Total Energy Cost [$]
,Electricity,0.00,
,Natural Gas,0.00,
,Additional,0.00,
,Total,0.00,
Process energy cost based on ratio of process to total energy.


L-1. Renewable Energy Source Summary

,,Rated Capacity [kW],Annual Energy Generated [kBtu]
,Photovoltaic,0.00,0.00
,Wind,0.00,0.00


EAp2-17a. Energy Use Intensity - Electricity

,,Electricty [kWh/ft2]
,Interior Lighting (All),0.00
,Space Heating,2.75
,Space Cooling,0.35
,Fans (All),0.00
,Service Water Heating,0.00
,Receptacle Equipment,0.00
,Miscellaneous (All),3.10
,Subtotal,3.10


EAp2-17b. Energy Use Intensity - Natural Gas

,,Natural Gas [kWh/ft2]
,Space Heating,0.00
,Service Water Heating,0.00
,Miscellaneous (All),0.00
,Subtotal,0.00


EAp2-17c. Energy Use Intensity - Additional

,,Additional [kBtu/ft2]
,Subtotal,0.00
,Miscellaneous,0.00


EAp2-18. End Use Percentage

,,Percent [%]
,Interior Lighting (All),0.00
,Space Heating,88.67
,Space Cooling,11.33
,Fans (All),0.00
,Service Water Heating,0.00
,Receptacle Equipment,0.00
,Miscellaneous,-0.0


Schedules-Equivalent Full Load Hours (Schedule Type=Fraction)

,,Equivalent Full Load Hours of Operation Per Year [hr],Hours > 1% [hr]
,OCCUPANCY,8760.,8760.
,INTERIORLIGHTING,2852.,8760.
,INTERIORLIGHTINGHE,3070.,8760.
,INTERIORLIGHTINGHE_OS,2910.,8760.
,INTERIORLIGHTINGHE_VS,2149.,8760.
,EXTERIORLIGHTING,4380.,4380.
,REFRIGERATOR,7343.,8760.
,MISCPLUGLOAD,5918.,8760.
,COOKINGRANGE,2434.,8760.
,DHW_SCH,365.,8760.
,DISHWASHER,2811.,8760.
,CLOTHESWASHER,3312.,8760.
,CLOTHESDRYER,3911.,8760.
,SINKS,4198.,8760.
,SHOWERS,2652.,8760.
,BATHS,2598.,8760.
,DHWDIST,4662.,8760.
,SHADING_2012IECC,0.,0.
,SINKSENSSCHEDULE,6025.,8760.
,SINKLATSCHEDULE,2735.,8760.
,SHOWERSENSSCHEDULE,4492.,8760.
,SHOWERLATSCHEDULE,4268.,8760.
,BATHSENSSCHEDULE,8760.,8760.
,BATHLATSCHEDULE,0.,0.


Schedules-SetPoints (Schedule Type=Temperature)

,,First Object Used,Month Assumed,11am First Wednesday [F],Days with Same 11am Value,11pm First Wednesday [F],Days with Same 11pm Value
,HEATING_SCH,THERMOSTAT_LIVING DUAL SP CONTROL,January,69.00,365,69.00,365
,COOLING_SCH,THERMOSTAT_LIVING DUAL SP CONTROL,July,78.00,365,78.00,365


----------------------------------------------------------------------------------------------------
REPORT:,Annual Thermal Resilience Summary
FOR:,Entire Facility
Heat Index Hours

,,Safe (â¤ 26.7Â°C) [hr],Caution (> 26.7, â¤ 32.2Â°C) [hr],Extreme Caution (> 32.2, â¤ 39.4Â°C) [hr],Danger (> 39.4, â¤ 51.7Â°C) [hr],Extreme Danger (> 51.7Â°C) [hr]
,LIVING,8760.00,0.00,0.00,0.00,0.00
,ATTIC,7334.00,618.00,504.00,304.00,0.00
,CRAWLSPACE,8437.00,322.00,1.00,0.00,0.00
,Min,7334.00,0.00,0.00,0.00,0.00
,Max,8760.00,618.00,504.00,304.00,0.00
,Average,8177.00,313.33,168.33,101.33,0.00
,Sum,24531.00,940.00,505.00,304.00,0.00


Heat Index OccupantHours

,,Safe (â¤ 26.7Â°C) [hr],Caution (> 26.7, â¤ 32.2Â°C) [hr],Extreme Caution (> 32.2, â¤ 39.4Â°C) [hr],Danger (> 39.4, â¤ 51.7Â°C) [hr],Extreme Danger (> 51.7Â°C) [hr]
,LIVING,0.00,0.00,0.00,0.00,0.00
,ATTIC,0.00,0.00,0.00,0.00,0.00
,CRAWLSPACE,0.00,0.00,0.00,0.00,0.00
,Min,0.00,0.00,0.00,0.00,0.00
,Max,0.00,0.00,0.00,0.00,0.00
,Average,0.00,0.00,0.00,0.00,0.00
,Sum,0.00,0.00,0.00,0.00,0.00


Humidex Hours

,,Little to no Discomfort (â¤ 29) [hr],Some Discomfort (> 29, â¤ 40) [hr],Great Discomfort; Avoid Exertion (> 40, â¤ 45) [hr],Dangerous (> 45, â¤ 50) [hr],Heat Stroke Quite Possible (> 50) [hr]
,LIVING,8760.00,0.00,0.00,0.00,0.00
,ATTIC,7552.00,798.00,251.00,107.00,52.00
,CRAWLSPACE,8577.00,183.00,0.00,0.00,0.00
,Min,7552.00,0.00,0.00,0.00,0.00
,Max,8760.00,798.00,251.00,107.00,52.00
,Average,8296.33,327.00,83.67,35.67,17.33
,Sum,24889.00,981.00,251.00,107.00,52.00


Humidex OccupantHours

,,Little to no Discomfort (â¤ 29) [hr],Some Discomfort (> 29, â¤ 40) [hr],Great Discomfort; Avoid Exertion (> 40, â¤ 45) [hr],Dangerous (> 45, â¤ 50) [hr],Heat Stroke Quite Possible (> 50) [hr]
,LIVING,0.00,0.00,0.00,0.00,0.00
,ATTIC,0.00,0.00,0.00,0.00,0.00
,CRAWLSPACE,0.00,0.00,0.00,0.00,0.00
,Min,0.00,0.00,0.00,0.00,0.00
,Max,0.00,0.00,0.00,0.00,0.00
,Average,0.00,0.00,0.00,0.00,0.00
,Sum,0.00,0.00,0.00,0.00,0.00


Heating SET Hours

,,SET â¤ 12.2Â°C Hours (F),SET â¤ 12.2Â°C OccupantHours (F),Longest SET â¤ 12.2Â°C Duration [hr],Start Time of the Longest SET â¤ 12.2Â°C Duration
,None,,,,


Cooling SET Hours

,,SET > 30Â°C Hours (F),SET > 30Â°C OccupantHours (F),Longest SET > 30Â°C Duration [hr],Start Time of the Longest SET > 30Â°C Duration
,None,,,,


----------------------------------------------------------------------------------------------------
REPORT:,Annual CO2 Resilience Summary
FOR:,Entire Facility
CO2 Level Hours

,,Safe (<= 1000 ppm) [hr],Caution (> 1000, <= 5000 ppm) [hr],Hazard (> 5000 ppm) [hr]
,None,,,


CO2 Level OccupantHours

,,Safe (<= 1000 ppm) [hr],Caution (> 1000, <= 5000 ppm) [hr],Hazard (> 5000 ppm) [hr]
,None,,,


----------------------------------------------------------------------------------------------------
REPORT:,Annual Visual Resilience Summary
FOR:,Entire Facility
Illuminance Level Hours

,,A Bit Dark (<= 100 lux) [hr],Dim (> 100, <= 300 lux) [hr],Adequate (> 300, <= 500 lux) [hr],Bright (>500 lux) [hr]
,None,,,,


Illuminance Level OccupantHours

,,A Bit Dark (<= 100 lux) [hr],Dim (> 100, <= 300 lux) [hr],Adequate (> 300, <= 500 lux) [hr],Bright (>500 lux) [hr]
,None,,,,


